SAMPLE	TYPE	COUNT
S1067	HIGH	570
S1067	MODERATE	10883
S1067	MODIFIER	8475
S1067	LOW	12508
S10988-281	HIGH	645
S10988-281	MODERATE	11120
S10988-281	MODIFIER	13890
S10988-281	LOW	13753
S10988-283	HIGH	617
S10988-283	MODERATE	10811
S10988-283	MODIFIER	13394
S10988-283	LOW	13453
S10988-288	HIGH	619
S10988-288	MODERATE	11060
S10988-288	MODIFIER	13606
S10988-288	LOW	13705
S10988-289	HIGH	623
S10988-289	MODERATE	11040
S10988-289	MODIFIER	13619
S10988-289	LOW	13587
S1K	HIGH	493
S1K	MODERATE	8895
S1K	MODIFIER	5409
S1K	LOW	10189
S2017CH01658BLD001A1DA1	HIGH	631
S2017CH01658BLD001A1DA1	MODERATE	11104
S2017CH01658BLD001A1DA1	MODIFIER	12444
S2017CH01658BLD001A1DA1	LOW	12536
S2017CH01666BLD001A1DA1	HIGH	638
S2017CH01666BLD001A1DA1	MODERATE	11305
S2017CH01666BLD001A1DA1	MODIFIER	12649
S2017CH01666BLD001A1DA1	LOW	12869
S2017CH01667BLD001A1DA1	HIGH	687
S2017CH01667BLD001A1DA1	MODERATE	11752
S2017CH01667BLD001A1DA1	MODIFIER	13095
S2017CH01667BLD001A1DA1	LOW	13183
S2017CH01668BLD001A1DA1	HIGH	644
S2017CH01668BLD001A1DA1	MODERATE	11270
S2017CH01668BLD001A1DA1	MODIFIER	12742
S2017CH01668BLD001A1DA1	LOW	12791
S2017CH01669BLD001A1DA1	HIGH	664
S2017CH01669BLD001A1DA1	MODERATE	11438
S2017CH01669BLD001A1DA1	MODIFIER	12898
S2017CH01669BLD001A1DA1	LOW	12972
S2017CH01671BLD001A1DA1	HIGH	617
S2017CH01671BLD001A1DA1	MODERATE	11032
S2017CH01671BLD001A1DA1	MODIFIER	12607
S2017CH01671BLD001A1DA1	LOW	12586
S2017CH01672BLD001A1DA1	HIGH	626
S2017CH01672BLD001A1DA1	MODERATE	11122
S2017CH01672BLD001A1DA1	MODIFIER	12398
S2017CH01672BLD001A1DA1	LOW	12664
S2017CH01680BLD001A1DA1	HIGH	627
S2017CH01680BLD001A1DA1	MODERATE	11247
S2017CH01680BLD001A1DA1	MODIFIER	12804
S2017CH01680BLD001A1DA1	LOW	12716
S2017CH01683BLD001A1DA1	HIGH	634
S2017CH01683BLD001A1DA1	MODERATE	11466
S2017CH01683BLD001A1DA1	MODIFIER	12561
S2017CH01683BLD001A1DA1	LOW	12695
S2017CH01687BLD001A1DA1	HIGH	608
S2017CH01687BLD001A1DA1	MODERATE	11168
S2017CH01687BLD001A1DA1	MODIFIER	12502
S2017CH01687BLD001A1DA1	LOW	12680
S2017CH01688BLD001A1DA1	HIGH	637
S2017CH01688BLD001A1DA1	MODERATE	11131
S2017CH01688BLD001A1DA1	MODIFIER	12582
S2017CH01688BLD001A1DA1	LOW	12668
S2017CH01690BLD001A1DA1	HIGH	668
S2017CH01690BLD001A1DA1	MODERATE	11373
S2017CH01690BLD001A1DA1	MODIFIER	12682
S2017CH01690BLD001A1DA1	LOW	12857
S319-TS	HIGH	131
S319-TS	MODERATE	3014
S319-TS	MODIFIER	985
S319-TS	LOW	4331
S3204	HIGH	110
S3204	MODERATE	2380
S3204	MODIFIER	3198
S3204	LOW	3544
S3205	HIGH	111
S3205	MODERATE	2403
S3205	MODIFIER	3190
S3205	LOW	3590
SA12-2	HIGH	629
SA12-2	MODERATE	10967
SA12-2	MODIFIER	13073
SA12-2	LOW	13274
SA13-2	HIGH	635
SA13-2	MODERATE	11133
SA13-2	MODIFIER	13632
SA13-2	LOW	13644
SA14-2	HIGH	596
SA14-2	MODERATE	10966
SA14-2	MODIFIER	12853
SA14-2	LOW	13384
SA2-2	HIGH	641
SA2-2	MODERATE	11092
SA2-2	MODIFIER	13402
SA2-2	LOW	13535
SA4-2	HIGH	620
SA4-2	MODERATE	10935
SA4-2	MODIFIER	13020
SA4-2	LOW	13297
SA5-2	HIGH	598
SA5-2	MODERATE	11140
SA5-2	MODIFIER	13362
SA5-2	LOW	13557
SA6-2	HIGH	665
SA6-2	MODERATE	11237
SA6-2	MODIFIER	13303
SA6-2	LOW	13568
SA7-2	HIGH	651
SA7-2	MODERATE	11043
SA7-2	MODIFIER	13505
SA7-2	LOW	13542
SAlmaz01	HIGH	605
SAlmaz01	MODERATE	10375
SAlmaz01	MODIFIER	34092
SAlmaz01	LOW	12782
SAlmaz02	HIGH	554
SAlmaz02	MODERATE	10287
SAlmaz02	MODIFIER	33885
SAlmaz02	LOW	12707
SAlmaz03	HIGH	615
SAlmaz03	MODERATE	10709
SAlmaz03	MODIFIER	34612
SAlmaz03	LOW	12872
SAlmaz04	HIGH	531
SAlmaz04	MODERATE	10384
SAlmaz04	MODIFIER	34203
SAlmaz04	LOW	12772
SAlmaz05	HIGH	529
SAlmaz05	MODERATE	10217
SAlmaz05	MODIFIER	33463
SAlmaz05	LOW	12645
SAlmaz06	HIGH	576
SAlmaz06	MODERATE	10364
SAlmaz06	MODIFIER	33982
SAlmaz06	LOW	12637
SAlmaz07	HIGH	578
SAlmaz07	MODERATE	10271
SAlmaz07	MODIFIER	33535
SAlmaz07	LOW	12511
SAlmaz08	HIGH	548
SAlmaz08	MODERATE	10313
SAlmaz08	MODIFIER	33564
SAlmaz08	LOW	12581
SAlmaz09	HIGH	584
SAlmaz09	MODERATE	10458
SAlmaz09	MODIFIER	34012
SAlmaz09	LOW	12630
SB0-0002	HIGH	625
SB0-0002	MODERATE	11023
SB0-0002	MODIFIER	13753
SB0-0002	LOW	13746
SB0-0005	HIGH	665
SB0-0005	MODERATE	11386
SB0-0005	MODIFIER	13824
SB0-0005	LOW	13686
SB00009	HIGH	390
SB00009	MODERATE	7356
SB00009	MODIFIER	7497
SB00009	LOW	8687
SB1-0002	HIGH	647
SB1-0002	MODERATE	11343
SB1-0002	MODIFIER	13802
SB1-0002	LOW	13867
SB1-0003	HIGH	679
SB1-0003	MODERATE	11485
SB1-0003	MODIFIER	14113
SB1-0003	LOW	13787
SB1-0020	HIGH	661
SB1-0020	MODERATE	11107
SB1-0020	MODIFIER	13888
SB1-0020	LOW	13573
SB1-0055	HIGH	646
SB1-0055	MODERATE	11371
SB1-0055	MODIFIER	13830
SB1-0055	LOW	13860
SB1-0089	HIGH	652
SB1-0089	MODERATE	11235
SB1-0089	MODIFIER	14001
SB1-0089	LOW	13924
SB1-0327	HIGH	681
SB1-0327	MODERATE	11463
SB1-0327	MODIFIER	13794
SB1-0327	LOW	13880
SB10001	HIGH	662
SB10001	MODERATE	11163
SB10001	MODIFIER	13748
SB10001	LOW	13637
SB10050	HIGH	641
SB10050	MODERATE	11024
SB10050	MODIFIER	13821
SB10050	LOW	13364
SB10079	HIGH	650
SB10079	MODERATE	10980
SB10079	MODIFIER	13703
SB10079	LOW	13450
SB10083	HIGH	639
SB10083	MODERATE	11206
SB10083	MODIFIER	13797
SB10083	LOW	13803
SB10087	HIGH	669
SB10087	MODERATE	11355
SB10087	MODIFIER	13760
SB10087	LOW	13720
SB10095	HIGH	696
SB10095	MODERATE	11218
SB10095	MODIFIER	13916
SB10095	LOW	13652
SB10117	HIGH	382
SB10117	MODERATE	6814
SB10117	MODIFIER	6902
SB10117	LOW	8095
SB4-0003	HIGH	633
SB4-0003	MODERATE	11319
SB4-0003	MODIFIER	14048
SB4-0003	LOW	13791
SB4-0004	HIGH	643
SB4-0004	MODERATE	11214
SB4-0004	MODIFIER	13892
SB4-0004	LOW	13597
SB4-0008	HIGH	656
SB4-0008	MODERATE	11151
SB4-0008	MODIFIER	13614
SB4-0008	LOW	13620
SB4-0022	HIGH	677
SB4-0022	MODERATE	11107
SB4-0022	MODIFIER	14028
SB4-0022	LOW	13647
SB4-0032	HIGH	671
SB4-0032	MODERATE	11243
SB4-0032	MODIFIER	13887
SB4-0032	LOW	13671
SB4-0040	HIGH	670
SB4-0040	MODERATE	11248
SB4-0040	MODIFIER	13995
SB4-0040	LOW	13776
SB40014	HIGH	651
SB40014	MODERATE	11430
SB40014	MODIFIER	13953
SB40014	LOW	13877
SB40027	HIGH	658
SB40027	MODERATE	11219
SB40027	MODIFIER	13787
SB40027	LOW	13752
SB40038	HIGH	665
SB40038	MODERATE	11332
SB40038	MODIFIER	13740
SB40038	LOW	13724
SB40039	HIGH	438
SB40039	MODERATE	8227
SB40039	MODIFIER	8695
SB40039	LOW	9785
SB4006	HIGH	629
SB4006	MODERATE	10991
SB4006	MODIFIER	13864
SB4006	LOW	13630
SBR045	HIGH	608
SBR045	MODERATE	10736
SBR045	MODIFIER	11499
SBR045	LOW	12190
SBR045n	HIGH	617
SBR045n	MODERATE	11143
SBR045n	MODIFIER	12388
SBR045n	LOW	12855
SBR117	HIGH	623
SBR117	MODERATE	10512
SBR117	MODIFIER	12554
SBR117	LOW	12921
SBR124	HIGH	610
SBR124	MODERATE	11177
SBR124	MODIFIER	13678
SBR124	LOW	13751
SBR125	HIGH	652
SBR125	MODERATE	11329
SBR125	MODIFIER	14169
SBR125	LOW	13880
SBR126	HIGH	653
SBR126	MODERATE	11093
SBR126	MODIFIER	13865
SBR126	LOW	13630
SBR127	HIGH	698
SBR127	MODERATE	11141
SBR127	MODIFIER	13769
SBR127	LOW	13579
SBR128	HIGH	642
SBR128	MODERATE	11043
SBR128	MODIFIER	13751
SBR128	LOW	13558
SBR129	HIGH	633
SBR129	MODERATE	10803
SBR129	MODIFIER	13734
SBR129	LOW	13366
SBR130	HIGH	654
SBR130	MODERATE	11228
SBR130	MODIFIER	13870
SBR130	LOW	13725
SBR133	HIGH	620
SBR133	MODERATE	11011
SBR133	MODIFIER	13401
SBR133	LOW	13488
SBR134	HIGH	681
SBR134	MODERATE	11248
SBR134	MODIFIER	13772
SBR134	LOW	13740
SBR135	HIGH	597
SBR135	MODERATE	10959
SBR135	MODIFIER	13543
SBR135	LOW	13539
SBR136	HIGH	577
SBR136	MODERATE	10473
SBR136	MODIFIER	12372
SBR136	LOW	12673
SBR137	HIGH	622
SBR137	MODERATE	11153
SBR137	MODIFIER	13262
SBR137	LOW	13488
SBR138	HIGH	573
SBR138	MODERATE	10578
SBR138	MODIFIER	12408
SBR138	LOW	12869
SBR139	HIGH	630
SBR139	MODERATE	11006
SBR139	MODIFIER	13545
SBR139	LOW	13491
SBR140	HIGH	648
SBR140	MODERATE	11238
SBR140	MODIFIER	14055
SBR140	LOW	13783
SBR141	HIGH	614
SBR141	MODERATE	11012
SBR141	MODIFIER	13381
SBR141	LOW	13536
SBR142	HIGH	663
SBR142	MODERATE	11007
SBR142	MODIFIER	13512
SBR142	LOW	13559
SBR143	HIGH	629
SBR143	MODERATE	11289
SBR143	MODIFIER	13578
SBR143	LOW	13679
SBR146	HIGH	632
SBR146	MODERATE	11004
SBR146	MODIFIER	13454
SBR146	LOW	13649
SBR147	HIGH	664
SBR147	MODERATE	11475
SBR147	MODIFIER	13698
SBR147	LOW	13718
SBR148	HIGH	624
SBR148	MODERATE	10958
SBR148	MODIFIER	13143
SBR148	LOW	13370
SBR150	HIGH	605
SBR150	MODERATE	10966
SBR150	MODIFIER	13587
SBR150	LOW	13520
SBR155	HIGH	607
SBR155	MODERATE	10918
SBR155	MODIFIER	13232
SBR155	LOW	13374
SBR157	HIGH	579
SBR157	MODERATE	10780
SBR157	MODIFIER	12667
SBR157	LOW	13062
SBR158	HIGH	646
SBR158	MODERATE	11115
SBR158	MODIFIER	13615
SBR158	LOW	13457
SBR159	HIGH	633
SBR159	MODERATE	11167
SBR159	MODIFIER	13592
SBR159	LOW	13727
SBR160	HIGH	661
SBR160	MODERATE	11260
SBR160	MODIFIER	13139
SBR160	LOW	13548
SBR161	HIGH	657
SBR161	MODERATE	11229
SBR161	MODIFIER	13714
SBR161	LOW	13700
SBR162	HIGH	592
SBR162	MODERATE	10737
SBR162	MODIFIER	13105
SBR162	LOW	13217
SBR165	HIGH	622
SBR165	MODERATE	11161
SBR165	MODIFIER	13134
SBR165	LOW	13465
SBR169	HIGH	650
SBR169	MODERATE	11292
SBR169	MODIFIER	13736
SBR169	LOW	13895
SBR170	HIGH	641
SBR170	MODERATE	11105
SBR170	MODIFIER	13867
SBR170	LOW	13631
SBR175	HIGH	643
SBR175	MODERATE	10975
SBR175	MODIFIER	13660
SBR175	LOW	13567
SBR176	HIGH	658
SBR176	MODERATE	11085
SBR176	MODIFIER	13866
SBR176	LOW	13800
SBR177	HIGH	661
SBR177	MODERATE	11093
SBR177	MODIFIER	13675
SBR177	LOW	13623
SBR180	HIGH	619
SBR180	MODERATE	11096
SBR180	MODIFIER	13931
SBR180	LOW	13623
SBR181	HIGH	628
SBR181	MODERATE	11094
SBR181	MODIFIER	13688
SBR181	LOW	13742
SBR183	HIGH	608
SBR183	MODERATE	11164
SBR183	MODIFIER	13686
SBR183	LOW	13700
SBR184	HIGH	596
SBR184	MODERATE	11105
SBR184	MODIFIER	12270
SBR184	LOW	12531
SBR185	HIGH	589
SBR185	MODERATE	11044
SBR185	MODIFIER	12227
SBR185	LOW	12662
SBR186	HIGH	589
SBR186	MODERATE	10988
SBR186	MODIFIER	12251
SBR186	LOW	12486
SBR188	HIGH	603
SBR188	MODERATE	10749
SBR188	MODIFIER	11946
SBR188	LOW	12442
SBR190	HIGH	630
SBR190	MODERATE	10921
SBR190	MODIFIER	13485
SBR190	LOW	13572
SBR191	HIGH	625
SBR191	MODERATE	11100
SBR191	MODIFIER	13513
SBR191	LOW	13783
SBR193	HIGH	647
SBR193	MODERATE	11293
SBR193	MODIFIER	13619
SBR193	LOW	13670
SBR197	HIGH	612
SBR197	MODERATE	11128
SBR197	MODIFIER	13623
SBR197	LOW	13665
SBR198	HIGH	622
SBR198	MODERATE	10949
SBR198	MODIFIER	13569
SBR198	LOW	13703
SBR200	HIGH	649
SBR200	MODERATE	11258
SBR200	MODIFIER	13652
SBR200	LOW	13612
SBR203	HIGH	99
SBR203	MODERATE	2509
SBR203	MODIFIER	696
SBR203	LOW	3691
SBR204	HIGH	656
SBR204	MODERATE	11128
SBR204	MODIFIER	13601
SBR204	LOW	13524
SBR205	HIGH	641
SBR205	MODERATE	11035
SBR205	MODIFIER	13790
SBR205	LOW	13449
SBR206	HIGH	642
SBR206	MODERATE	11182
SBR206	MODIFIER	13537
SBR206	LOW	13565
SBR207	HIGH	634
SBR207	MODERATE	11141
SBR207	MODIFIER	13698
SBR207	LOW	13634
SBR208	HIGH	644
SBR208	MODERATE	11121
SBR208	MODIFIER	13378
SBR208	LOW	13708
SBR209	HIGH	644
SBR209	MODERATE	11148
SBR209	MODIFIER	13601
SBR209	LOW	13627
SBR210	HIGH	640
SBR210	MODERATE	11117
SBR210	MODIFIER	13699
SBR210	LOW	13567
SBR214	HIGH	686
SBR214	MODERATE	11284
SBR214	MODIFIER	14210
SBR214	LOW	13802
SBR217	HIGH	597
SBR217	MODERATE	10999
SBR217	MODIFIER	13308
SBR217	LOW	13384
SBR218	HIGH	574
SBR218	MODERATE	10907
SBR218	MODIFIER	13313
SBR218	LOW	13318
SBR219	HIGH	628
SBR219	MODERATE	11038
SBR219	MODIFIER	13522
SBR219	LOW	13481
SBR220	HIGH	659
SBR220	MODERATE	11288
SBR220	MODIFIER	13581
SBR220	LOW	13643
SBR221	HIGH	597
SBR221	MODERATE	10950
SBR221	MODIFIER	13739
SBR221	LOW	13417
SBR222	HIGH	655
SBR222	MODERATE	11039
SBR222	MODIFIER	13653
SBR222	LOW	13750
SBR223	HIGH	615
SBR223	MODERATE	11007
SBR223	MODIFIER	13666
SBR223	LOW	13524
SBR224	HIGH	638
SBR224	MODERATE	11108
SBR224	MODIFIER	13473
SBR224	LOW	13545
SBR225	HIGH	651
SBR225	MODERATE	11172
SBR225	MODIFIER	13684
SBR225	LOW	13618
SBR227	HIGH	629
SBR227	MODERATE	11204
SBR227	MODIFIER	13633
SBR227	LOW	13594
SBR228X	HIGH	650
SBR228X	MODERATE	11128
SBR228X	MODIFIER	13764
SBR228X	LOW	13653
SBR229	HIGH	661
SBR229	MODERATE	11222
SBR229	MODIFIER	13894
SBR229	LOW	13752
SBR230	HIGH	653
SBR230	MODERATE	10966
SBR230	MODIFIER	13553
SBR230	LOW	13580
SBR233	HIGH	629
SBR233	MODERATE	11072
SBR233	MODIFIER	13421
SBR233	LOW	13630
SBR237	HIGH	592
SBR237	MODERATE	11080
SBR237	MODIFIER	12446
SBR237	LOW	12682
SBR238	HIGH	587
SBR238	MODERATE	11295
SBR238	MODIFIER	12419
SBR238	LOW	12909
SBR239	HIGH	644
SBR239	MODERATE	11109
SBR239	MODIFIER	13527
SBR239	LOW	13586
SBR240	HIGH	576
SBR240	MODERATE	10978
SBR240	MODIFIER	13534
SBR240	LOW	13460
SBR241	HIGH	626
SBR241	MODERATE	10991
SBR241	MODIFIER	13451
SBR241	LOW	13598
SBR242	HIGH	647
SBR242	MODERATE	11145
SBR242	MODIFIER	13612
SBR242	LOW	13596
SBR243	HIGH	605
SBR243	MODERATE	10793
SBR243	MODIFIER	13515
SBR243	LOW	13440
SBR244	HIGH	630
SBR244	MODERATE	11260
SBR244	MODIFIER	13724
SBR244	LOW	13768
SBR245	HIGH	636
SBR245	MODERATE	10957
SBR245	MODIFIER	13558
SBR245	LOW	13657
SBR246	HIGH	615
SBR246	MODERATE	10949
SBR246	MODIFIER	13398
SBR246	LOW	13445
SBR247	HIGH	625
SBR247	MODERATE	11043
SBR247	MODIFIER	13684
SBR247	LOW	13487
SBR248	HIGH	638
SBR248	MODERATE	11059
SBR248	MODIFIER	13789
SBR248	LOW	13795
SBR250	HIGH	636
SBR250	MODERATE	11509
SBR250	MODIFIER	12991
SBR250	LOW	13014
SBR251	HIGH	621
SBR251	MODERATE	11150
SBR251	MODIFIER	12431
SBR251	LOW	12677
SBR252	HIGH	631
SBR252	MODERATE	10996
SBR252	MODIFIER	12434
SBR252	LOW	12440
SBR253	HIGH	576
SBR253	MODERATE	11039
SBR253	MODIFIER	12631
SBR253	LOW	12800
SBR254	HIGH	587
SBR254	MODERATE	11420
SBR254	MODIFIER	12930
SBR254	LOW	13009
SBR255	HIGH	626
SBR255	MODERATE	11281
SBR255	MODIFIER	12755
SBR255	LOW	12889
SBR257	HIGH	629
SBR257	MODERATE	11459
SBR257	MODIFIER	12699
SBR257	LOW	12874
SBR259	HIGH	581
SBR259	MODERATE	11117
SBR259	MODIFIER	12473
SBR259	LOW	12592
SBR260	HIGH	619
SBR260	MODERATE	11235
SBR260	MODIFIER	12438
SBR260	LOW	12753
SBR264	HIGH	624
SBR264	MODERATE	10996
SBR264	MODIFIER	12207
SBR264	LOW	12691
SBR270	HIGH	645
SBR270	MODERATE	11272
SBR270	MODIFIER	12816
SBR270	LOW	12759
SBR271	HIGH	618
SBR271	MODERATE	11178
SBR271	MODIFIER	13798
SBR271	LOW	13842
SBR272	HIGH	639
SBR272	MODERATE	11128
SBR272	MODIFIER	13546
SBR272	LOW	13571
SBR273	HIGH	681
SBR273	MODERATE	11100
SBR273	MODIFIER	13580
SBR273	LOW	13807
SBR275	HIGH	640
SBR275	MODERATE	11193
SBR275	MODIFIER	13866
SBR275	LOW	13763
SBR276	HIGH	653
SBR276	MODERATE	11153
SBR276	MODIFIER	13884
SBR276	LOW	13604
SBR277	HIGH	604
SBR277	MODERATE	11169
SBR277	MODIFIER	13789
SBR277	LOW	13672
SBR278	HIGH	616
SBR278	MODERATE	10766
SBR278	MODIFIER	13390
SBR278	LOW	13439
SBR279	HIGH	620
SBR279	MODERATE	11109
SBR279	MODIFIER	13684
SBR279	LOW	13609
SBR280	HIGH	656
SBR280	MODERATE	11091
SBR280	MODIFIER	13774
SBR280	LOW	13554
SBR282	HIGH	635
SBR282	MODERATE	11166
SBR282	MODIFIER	13829
SBR282	LOW	13731
SBR284	HIGH	645
SBR284	MODERATE	11173
SBR284	MODIFIER	13783
SBR284	LOW	13741
SBR285	HIGH	620
SBR285	MODERATE	11333
SBR285	MODIFIER	13840
SBR285	LOW	13927
SBR286	HIGH	640
SBR286	MODERATE	11082
SBR286	MODIFIER	13667
SBR286	LOW	13604
SBR287	HIGH	642
SBR287	MODERATE	11160
SBR287	MODIFIER	13628
SBR287	LOW	13792
SCH00404	HIGH	139
SCH00404	MODERATE	3051
SCH00404	MODIFIER	944
SCH00404	LOW	4384
SCH00405	HIGH	122
SCH00405	MODERATE	2911
SCH00405	MODIFIER	942
SCH00405	LOW	4205
SCH00406	HIGH	146
SCH00406	MODERATE	3086
SCH00406	MODIFIER	966
SCH00406	LOW	4407
SCH00408	HIGH	691
SCH00408	MODERATE	11549
SCH00408	MODIFIER	13018
SCH00408	LOW	13011
SCH00409	HIGH	647
SCH00409	MODERATE	11246
SCH00409	MODIFIER	12972
SCH00409	LOW	12856
SCH00410	HIGH	582
SCH00410	MODERATE	11261
SCH00410	MODIFIER	12791
SCH00410	LOW	12741
SCH00411	HIGH	671
SCH00411	MODERATE	11390
SCH00411	MODIFIER	12704
SCH00411	LOW	12909
SCH00412	HIGH	658
SCH00412	MODERATE	11429
SCH00412	MODIFIER	12924
SCH00412	LOW	12847
SCH00413	HIGH	625
SCH00413	MODERATE	11372
SCH00413	MODIFIER	12823
SCH00413	LOW	12814
SCH00417	HIGH	614
SCH00417	MODERATE	11166
SCH00417	MODIFIER	12602
SCH00417	LOW	12851
SCH00418	HIGH	655
SCH00418	MODERATE	11028
SCH00418	MODIFIER	12593
SCH00418	LOW	12650
SCH00419	HIGH	663
SCH00419	MODERATE	11292
SCH00419	MODIFIER	12671
SCH00419	LOW	12787
SCH00420	HIGH	640
SCH00420	MODERATE	11177
SCH00420	MODIFIER	12597
SCH00420	LOW	12770
SCH00421	HIGH	574
SCH00421	MODERATE	11236
SCH00421	MODIFIER	12475
SCH00421	LOW	12650
SCH00422	HIGH	579
SCH00422	MODERATE	11208
SCH00422	MODIFIER	12504
SCH00422	LOW	12815
SCH00423	HIGH	597
SCH00423	MODERATE	11075
SCH00423	MODIFIER	12342
SCH00423	LOW	12873
SCH00424	HIGH	631
SCH00424	MODERATE	11344
SCH00424	MODIFIER	12761
SCH00424	LOW	12662
SCH00425	HIGH	137
SCH00425	MODERATE	3055
SCH00425	MODIFIER	892
SCH00425	LOW	4363
SCH00426	HIGH	587
SCH00426	MODERATE	11106
SCH00426	MODIFIER	12409
SCH00426	LOW	12703
SCH00427	HIGH	662
SCH00427	MODERATE	11138
SCH00427	MODIFIER	13748
SCH00427	LOW	13597
SCH00428	HIGH	602
SCH00428	MODERATE	10955
SCH00428	MODIFIER	13515
SCH00428	LOW	13511
SCH00429	HIGH	627
SCH00429	MODERATE	11012
SCH00429	MODIFIER	13684
SCH00429	LOW	13587
SCH00430	HIGH	605
SCH00430	MODERATE	11137
SCH00430	MODIFIER	13644
SCH00430	LOW	13674
SCH00431	HIGH	605
SCH00431	MODERATE	11016
SCH00431	MODIFIER	13612
SCH00431	LOW	13749
SCH00432	HIGH	608
SCH00432	MODERATE	10861
SCH00432	MODIFIER	13334
SCH00432	LOW	13409
SCH00433	HIGH	587
SCH00433	MODERATE	11271
SCH00433	MODIFIER	12643
SCH00433	LOW	12780
SCH00434	HIGH	638
SCH00434	MODERATE	11461
SCH00434	MODIFIER	12594
SCH00434	LOW	12816
SCH00437	HIGH	622
SCH00437	MODERATE	11238
SCH00437	MODIFIER	12513
SCH00437	LOW	12662
SCH00438	HIGH	616
SCH00438	MODERATE	11260
SCH00438	MODIFIER	12406
SCH00438	LOW	12770
SCH00439	HIGH	624
SCH00439	MODERATE	11037
SCH00439	MODIFIER	12461
SCH00439	LOW	12733
SCH00442	HIGH	138
SCH00442	MODERATE	3051
SCH00442	MODIFIER	938
SCH00442	LOW	4430
SCH00456	HIGH	132
SCH00456	MODERATE	3008
SCH00456	MODIFIER	937
SCH00456	LOW	4372
SCH00511	HIGH	132
SCH00511	MODERATE	3078
SCH00511	MODIFIER	940
SCH00511	LOW	4472
SCH00660	HIGH	566
SCH00660	MODERATE	10710
SCH00660	MODIFIER	11798
SCH00660	LOW	12352
SCH01659	HIGH	573
SCH01659	MODERATE	10665
SCH01659	MODIFIER	11637
SCH01659	LOW	12153
SCH01670	HIGH	573
SCH01670	MODERATE	10765
SCH01670	MODIFIER	11816
SCH01670	LOW	12364
SCH01675	HIGH	552
SCH01675	MODERATE	10453
SCH01675	MODIFIER	11178
SCH01675	LOW	11772
SCH01678	HIGH	567
SCH01678	MODERATE	10714
SCH01678	MODIFIER	11863
SCH01678	LOW	12313
SCH01686	HIGH	560
SCH01686	MODERATE	10797
SCH01686	MODIFIER	12090
SCH01686	LOW	12480
SCH01689	HIGH	569
SCH01689	MODERATE	10724
SCH01689	MODIFIER	11815
SCH01689	LOW	12111
SCH01691	HIGH	606
SCH01691	MODERATE	10810
SCH01691	MODIFIER	12072
SCH01691	LOW	12442
SCH01692	HIGH	594
SCH01692	MODERATE	10713
SCH01692	MODIFIER	11642
SCH01692	LOW	12247
SCH01693	HIGH	540
SCH01693	MODERATE	10600
SCH01693	MODIFIER	11388
SCH01693	LOW	12060
SCH01694	HIGH	590
SCH01694	MODERATE	10638
SCH01694	MODIFIER	11610
SCH01694	LOW	12199
SCH01695	HIGH	141
SCH01695	MODERATE	3052
SCH01695	MODIFIER	975
SCH01695	LOW	4392
SCH01696	HIGH	141
SCH01696	MODERATE	2998
SCH01696	MODIFIER	945
SCH01696	LOW	4378
SCH01697	HIGH	146
SCH01697	MODERATE	3109
SCH01697	MODIFIER	975
SCH01697	LOW	4453
SCH01698	HIGH	147
SCH01698	MODERATE	3059
SCH01698	MODIFIER	991
SCH01698	LOW	4449
SCH01699	HIGH	158
SCH01699	MODERATE	3080
SCH01699	MODIFIER	928
SCH01699	LOW	4497
SCH01826	HIGH	577
SCH01826	MODERATE	10794
SCH01826	MODIFIER	12069
SCH01826	LOW	12478
SCH01827	HIGH	641
SCH01827	MODERATE	11563
SCH01827	MODIFIER	12762
SCH01827	LOW	13025
SCH01828	HIGH	634
SCH01828	MODERATE	11403
SCH01828	MODIFIER	12971
SCH01828	LOW	12871
SCH01830	HIGH	654
SCH01830	MODERATE	11214
SCH01830	MODIFIER	12640
SCH01830	LOW	12725
SCH01831	HIGH	651
SCH01831	MODERATE	11421
SCH01831	MODIFIER	12530
SCH01831	LOW	12838
SCH01832	HIGH	605
SCH01832	MODERATE	11237
SCH01832	MODIFIER	12733
SCH01832	LOW	12728
SCH01833	HIGH	602
SCH01833	MODERATE	11063
SCH01833	MODIFIER	12596
SCH01833	LOW	12724
SCH01834	HIGH	677
SCH01834	MODERATE	11261
SCH01834	MODIFIER	12637
SCH01834	LOW	12952
SCH01835	HIGH	589
SCH01835	MODERATE	11412
SCH01835	MODIFIER	12939
SCH01835	LOW	13104
SCH01836	HIGH	626
SCH01836	MODERATE	11465
SCH01836	MODIFIER	12951
SCH01836	LOW	13081
SCH01837	HIGH	632
SCH01837	MODERATE	11130
SCH01837	MODIFIER	12375
SCH01837	LOW	12626
SCH01838	HIGH	632
SCH01838	MODERATE	11241
SCH01838	MODIFIER	12555
SCH01838	LOW	12829
SCH01839	HIGH	627
SCH01839	MODERATE	11177
SCH01839	MODIFIER	12531
SCH01839	LOW	12760
SCH01840	HIGH	629
SCH01840	MODERATE	11258
SCH01840	MODIFIER	12409
SCH01840	LOW	12719
SCH01841	HIGH	643
SCH01841	MODERATE	11387
SCH01841	MODIFIER	12546
SCH01841	LOW	12759
SCH01842	HIGH	585
SCH01842	MODERATE	11165
SCH01842	MODIFIER	12355
SCH01842	LOW	12652
SCH01843	HIGH	635
SCH01843	MODERATE	11367
SCH01843	MODIFIER	12835
SCH01843	LOW	12883
SCH01844	HIGH	587
SCH01844	MODERATE	11201
SCH01844	MODIFIER	12516
SCH01844	LOW	12606
SCH01845	HIGH	592
SCH01845	MODERATE	10997
SCH01845	MODIFIER	12365
SCH01845	LOW	12497
SCH01846	HIGH	623
SCH01846	MODERATE	10972
SCH01846	MODIFIER	12439
SCH01846	LOW	12634
SCH01847	HIGH	602
SCH01847	MODERATE	11330
SCH01847	MODIFIER	12404
SCH01847	LOW	12655
SCH01848	HIGH	652
SCH01848	MODERATE	11350
SCH01848	MODIFIER	12428
SCH01848	LOW	12864
SCH01849	HIGH	620
SCH01849	MODERATE	11199
SCH01849	MODIFIER	12520
SCH01849	LOW	12619
SCH01850	HIGH	584
SCH01850	MODERATE	11035
SCH01850	MODIFIER	12062
SCH01850	LOW	12440
SCH01851	HIGH	628
SCH01851	MODERATE	11352
SCH01851	MODIFIER	12582
SCH01851	LOW	12693
SCH01852	HIGH	589
SCH01852	MODERATE	11063
SCH01852	MODIFIER	12431
SCH01852	LOW	12615
SCH01853	HIGH	645
SCH01853	MODERATE	11358
SCH01853	MODIFIER	12977
SCH01853	LOW	12982
SCH01854	HIGH	659
SCH01854	MODERATE	11430
SCH01854	MODIFIER	12872
SCH01854	LOW	13044
SCH01855	HIGH	647
SCH01855	MODERATE	11578
SCH01855	MODIFIER	13084
SCH01855	LOW	13188
SCH01859	HIGH	648
SCH01859	MODERATE	11284
SCH01859	MODIFIER	12761
SCH01859	LOW	12765
SCH01860	HIGH	630
SCH01860	MODERATE	11282
SCH01860	MODIFIER	12773
SCH01860	LOW	13016
SCH01861	HIGH	629
SCH01861	MODERATE	11203
SCH01861	MODIFIER	12697
SCH01861	LOW	12959
SCH01893	HIGH	629
SCH01893	MODERATE	11286
SCH01893	MODIFIER	12854
SCH01893	LOW	12885
SCH01894	HIGH	627
SCH01894	MODERATE	11286
SCH01894	MODIFIER	12872
SCH01894	LOW	12866
SCH01895	HIGH	632
SCH01895	MODERATE	11206
SCH01895	MODIFIER	12871
SCH01895	LOW	12905
SCH01896	HIGH	639
SCH01896	MODERATE	11377
SCH01896	MODIFIER	12934
SCH01896	LOW	12969
SCH01897	HIGH	626
SCH01897	MODERATE	11104
SCH01897	MODIFIER	12826
SCH01897	LOW	12842
SCH01944	HIGH	587
SCH01944	MODERATE	10776
SCH01944	MODIFIER	11977
SCH01944	LOW	12182
SCH01945	HIGH	608
SCH01945	MODERATE	11229
SCH01945	MODIFIER	12794
SCH01945	LOW	12930
SCH01965	HIGH	611
SCH01965	MODERATE	11207
SCH01965	MODIFIER	12695
SCH01965	LOW	12913
SCH01966	HIGH	587
SCH01966	MODERATE	11168
SCH01966	MODIFIER	12064
SCH01966	LOW	12571
SCH01967	HIGH	576
SCH01967	MODERATE	10818
SCH01967	MODIFIER	11992
SCH01967	LOW	12209
SCH01968	HIGH	613
SCH01968	MODERATE	11260
SCH01968	MODIFIER	13142
SCH01968	LOW	12897
SCH01969	HIGH	603
SCH01969	MODERATE	11093
SCH01969	MODIFIER	12830
SCH01969	LOW	12653
SCH01970	HIGH	610
SCH01970	MODERATE	11077
SCH01970	MODIFIER	12694
SCH01970	LOW	12622
SCH01971	HIGH	581
SCH01971	MODERATE	11080
SCH01971	MODIFIER	12574
SCH01971	LOW	12700
SCH02301	HIGH	661
SCH02301	MODERATE	11382
SCH02301	MODIFIER	13988
SCH02301	LOW	13833
SCH02617	HIGH	670
SCH02617	MODERATE	11265
SCH02617	MODIFIER	13852
SCH02617	LOW	13655
SCH02618	HIGH	651
SCH02618	MODERATE	11157
SCH02618	MODIFIER	13902
SCH02618	LOW	13688
SCH02619	HIGH	577
SCH02619	MODERATE	10823
SCH02619	MODIFIER	13363
SCH02619	LOW	13354
SCH02620	HIGH	640
SCH02620	MODERATE	11288
SCH02620	MODIFIER	13616
SCH02620	LOW	13734
SCH02621	HIGH	642
SCH02621	MODERATE	10931
SCH02621	MODIFIER	13473
SCH02621	LOW	13482
SCH02622	HIGH	616
SCH02622	MODERATE	10944
SCH02622	MODIFIER	13371
SCH02622	LOW	13404
SCH02625	HIGH	630
SCH02625	MODERATE	10957
SCH02625	MODIFIER	13526
SCH02625	LOW	13480
SCH02626	HIGH	656
SCH02626	MODERATE	11175
SCH02626	MODIFIER	13650
SCH02626	LOW	13882
SCH02627	HIGH	623
SCH02627	MODERATE	11115
SCH02627	MODIFIER	13834
SCH02627	LOW	13726
SCH02628	HIGH	626
SCH02628	MODERATE	10870
SCH02628	MODIFIER	13246
SCH02628	LOW	13395
SCH02629	HIGH	621
SCH02629	MODERATE	11000
SCH02629	MODIFIER	13666
SCH02629	LOW	13552
SCH02630	HIGH	619
SCH02630	MODERATE	11024
SCH02630	MODIFIER	13613
SCH02630	LOW	13650
SCH02631	HIGH	629
SCH02631	MODERATE	11027
SCH02631	MODIFIER	13226
SCH02631	LOW	13575
SCH02632	HIGH	610
SCH02632	MODERATE	10962
SCH02632	MODIFIER	13322
SCH02632	LOW	13591
SCH02633	HIGH	577
SCH02633	MODERATE	10950
SCH02633	MODIFIER	13484
SCH02633	LOW	13426
SCH02768	HIGH	664
SCH02768	MODERATE	11039
SCH02768	MODIFIER	13721
SCH02768	LOW	13659
SCH02812	HIGH	635
SCH02812	MODERATE	11536
SCH02812	MODIFIER	12859
SCH02812	LOW	13128
SCH02813	HIGH	614
SCH02813	MODERATE	11295
SCH02813	MODIFIER	12486
SCH02813	LOW	12683
SCH02814	HIGH	615
SCH02814	MODERATE	11391
SCH02814	MODIFIER	12843
SCH02814	LOW	12938
SCH02815	HIGH	583
SCH02815	MODERATE	11181
SCH02815	MODIFIER	12340
SCH02815	LOW	12668
SCH02816	HIGH	616
SCH02816	MODERATE	11278
SCH02816	MODIFIER	12648
SCH02816	LOW	12746
SCH02817	HIGH	638
SCH02817	MODERATE	11335
SCH02817	MODIFIER	12569
SCH02817	LOW	12806
SCH02818	HIGH	640
SCH02818	MODERATE	11399
SCH02818	MODIFIER	12584
SCH02818	LOW	12964
SCH02819	HIGH	631
SCH02819	MODERATE	11361
SCH02819	MODIFIER	12722
SCH02819	LOW	12993
SCH02882	HIGH	626
SCH02882	MODERATE	11374
SCH02882	MODIFIER	12545
SCH02882	LOW	12865
SCH02883	HIGH	631
SCH02883	MODERATE	11181
SCH02883	MODIFIER	12504
SCH02883	LOW	12790
SCH02884	HIGH	615
SCH02884	MODERATE	11179
SCH02884	MODIFIER	12689
SCH02884	LOW	12946
SCH02885	HIGH	597
SCH02885	MODERATE	11187
SCH02885	MODIFIER	12402
SCH02885	LOW	12632
SCH03012	HIGH	612
SCH03012	MODERATE	11212
SCH03012	MODIFIER	12293
SCH03012	LOW	12744
SCH2009	HIGH	615
SCH2009	MODERATE	10987
SCH2009	MODIFIER	12112
SCH2009	LOW	12428
SCH2224	HIGH	616
SCH2224	MODERATE	11268
SCH2224	MODIFIER	12423
SCH2224	LOW	12602
SE	HIGH	619
SE	MODERATE	11089
SE	MODIFIER	13190
SE	LOW	13389
SFFPE-block	HIGH	2771
SFFPE-block	MODERATE	11446
SFFPE-block	MODIFIER	13635
SFFPE-block	LOW	12501
SGMD453	HIGH	128
SGMD453	MODERATE	3050
SGMD453	MODIFIER	886
SGMD453	LOW	4418
SGO8401	HIGH	127
SGO8401	MODERATE	2953
SGO8401	MODIFIER	859
SGO8401	LOW	4258
SGetero	HIGH	198
SGetero	MODERATE	3407
SGetero	MODIFIER	1643
SGetero	LOW	3788
SHUVOS	HIGH	407
SHUVOS	MODERATE	8035
SHUVOS	MODIFIER	4455
SHUVOS	LOW	9105
SHorion	HIGH	600
SHorion	MODERATE	10774
SHorion	MODIFIER	12043
SHorion	LOW	12814
SII	HIGH	561
SII	MODERATE	10339
SII	MODIFIER	8600
SII	LOW	12263
SMV18-1	HIGH	585
SMV18-1	MODERATE	11006
SMV18-1	MODIFIER	12363
SMV18-1	LOW	12771
SMV834	HIGH	641
SMV834	MODERATE	11259
SMV834	MODIFIER	13661
SMV834	LOW	13826
SMV835	HIGH	640
SMV835	MODERATE	11460
SMV835	MODIFIER	14091
SMV835	LOW	13953
SMV984	HIGH	616
SMV984	MODERATE	11149
SMV984	MODIFIER	12490
SMV984	LOW	12654
SORF2	HIGH	629
SORF2	MODERATE	11009
SORF2	MODIFIER	13539
SORF2	LOW	13459
SORF3	HIGH	660
SORF3	MODERATE	11121
SORF3	MODIFIER	13728
SORF3	LOW	13605
SORP0004	HIGH	589
SORP0004	MODERATE	10990
SORP0004	MODIFIER	13328
SORP0004	LOW	13558
SOTTU	HIGH	692
SOTTU	MODERATE	10581
SOTTU	MODIFIER	11809
SOTTU	LOW	12538
SS	HIGH	641
SS	MODERATE	11170
SS	MODIFIER	13658
SS	LOW	13608
SSMA2	HIGH	680
SSMA2	MODERATE	11263
SSMA2	MODIFIER	14024
SSMA2	LOW	13819
SSMA3	HIGH	660
SSMA3	MODERATE	11088
SSMA3	MODIFIER	13964
SSMA3	LOW	13783
SSSExomesv6DNA01indexA01	HIGH	591
SSSExomesv6DNA01indexA01	MODERATE	10483
SSSExomesv6DNA01indexA01	MODIFIER	34354
SSSExomesv6DNA01indexA01	LOW	12858
SSSExomesv6DNA02indexB01	HIGH	565
SSSExomesv6DNA02indexB01	MODERATE	10425
SSSExomesv6DNA02indexB01	MODIFIER	34356
SSSExomesv6DNA02indexB01	LOW	12724
SSSExomesv6DNA03indexC01	HIGH	586
SSSExomesv6DNA03indexC01	MODERATE	10343
SSSExomesv6DNA03indexC01	MODIFIER	34113
SSSExomesv6DNA03indexC01	LOW	12746
SSSExomesv6DNA04indexD01	HIGH	581
SSSExomesv6DNA04indexD01	MODERATE	10453
SSSExomesv6DNA04indexD01	MODIFIER	34049
SSSExomesv6DNA04indexD01	LOW	12873
SSSExomesv6DNA05indexE01	HIGH	591
SSSExomesv6DNA05indexE01	MODERATE	10503
SSSExomesv6DNA05indexE01	MODIFIER	34314
SSSExomesv6DNA05indexE01	LOW	12718
SSSExomesv6DNA06indexF01	HIGH	584
SSSExomesv6DNA06indexF01	MODERATE	10425
SSSExomesv6DNA06indexF01	MODIFIER	34263
SSSExomesv6DNA06indexF01	LOW	12640
SSSExomesv6DNA07indexG01	HIGH	606
SSSExomesv6DNA07indexG01	MODERATE	10617
SSSExomesv6DNA07indexG01	MODIFIER	34418
SSSExomesv6DNA07indexG01	LOW	12827
SSSExomesv6DNA08indexH01	HIGH	606
SSSExomesv6DNA08indexH01	MODERATE	10369
SSSExomesv6DNA08indexH01	MODIFIER	34060
SSSExomesv6DNA08indexH01	LOW	12636
SSSExomesv6DNA09indexA02	HIGH	587
SSSExomesv6DNA09indexA02	MODERATE	10589
SSSExomesv6DNA09indexA02	MODIFIER	34275
SSSExomesv6DNA09indexA02	LOW	12995
SSSExomesv6DNA10indexB02	HIGH	582
SSSExomesv6DNA10indexB02	MODERATE	10297
SSSExomesv6DNA10indexB02	MODIFIER	34185
SSSExomesv6DNA10indexB02	LOW	12796
Sex82	HIGH	134
Sex82	MODERATE	3021
Sex82	MODIFIER	819
Sex82	LOW	4272
Smel	HIGH	569
Smel	MODERATE	11025
Smel	MODIFIER	8113
Smel	LOW	12601
Spav	HIGH	584
Spav	MODERATE	11028
Spav	MODIFIER	8818
Spav	LOW	12738
Ssrr	HIGH	580
Ssrr	MODERATE	10989
Ssrr	MODIFIER	8645
Ssrr	LOW	12801
ces_26.sample_291	HIGH	146
ces_26.sample_291	MODERATE	2999
ces_26.sample_291	MODIFIER	963
ces_26.sample_291	LOW	4338
ces_26.sample_BR74	HIGH	126
ces_26.sample_BR74	MODERATE	2971
ces_26.sample_BR74	MODIFIER	935
ces_26.sample_BR74	LOW	4239
ces_28.sample_563-17	HIGH	156
ces_28.sample_563-17	MODERATE	3169
ces_28.sample_563-17	MODIFIER	888
ces_28.sample_563-17	LOW	4457
ces_28.sample_598-17	HIGH	131
ces_28.sample_598-17	MODERATE	3077
ces_28.sample_598-17	MODIFIER	940
ces_28.sample_598-17	LOW	4378
ces_28.sample_599-17	HIGH	131
ces_28.sample_599-17	MODERATE	2901
ces_28.sample_599-17	MODIFIER	902
ces_28.sample_599-17	LOW	4214
ces_28.sample_600-17	HIGH	152
ces_28.sample_600-17	MODERATE	3157
ces_28.sample_600-17	MODIFIER	930
ces_28.sample_600-17	LOW	4466
ces_28.sample_601-17	HIGH	127
ces_28.sample_601-17	MODERATE	2961
ces_28.sample_601-17	MODIFIER	789
ces_28.sample_601-17	LOW	4141
ces_28.sample_BR45	HIGH	128
ces_28.sample_BR45	MODERATE	2996
ces_28.sample_BR45	MODIFIER	945
ces_28.sample_BR45	LOW	4415
ces_28.sample_BR72	HIGH	134
ces_28.sample_BR72	MODERATE	3029
ces_28.sample_BR72	MODIFIER	922
ces_28.sample_BR72	LOW	4382
ces_28.sample_BR73	HIGH	132
ces_28.sample_BR73	MODERATE	2977
ces_28.sample_BR73	MODIFIER	934
ces_28.sample_BR73	LOW	4388
ces_28.sample_BR75	HIGH	152
ces_28.sample_BR75	MODERATE	3010
ces_28.sample_BR75	MODIFIER	942
ces_28.sample_BR75	LOW	4434
ces_28.sample_BR76	HIGH	138
ces_28.sample_BR76	MODERATE	2947
ces_28.sample_BR76	MODIFIER	900
ces_28.sample_BR76	LOW	4363
ces_28.sample_BR79	HIGH	136
ces_28.sample_BR79	MODERATE	2888
ces_28.sample_BR79	MODIFIER	870
ces_28.sample_BR79	LOW	4216
ces_28.sample_BR82	HIGH	129
ces_28.sample_BR82	MODERATE	2978
ces_28.sample_BR82	MODIFIER	932
ces_28.sample_BR82	LOW	4340
ces_28.sample_BR83	HIGH	139
ces_28.sample_BR83	MODERATE	3045
ces_28.sample_BR83	MODIFIER	922
ces_28.sample_BR83	LOW	4389
ces_28.sample_BR91	HIGH	130
ces_28.sample_BR91	MODERATE	2998
ces_28.sample_BR91	MODIFIER	860
ces_28.sample_BR91	LOW	4248
ces_28.sample_BR92	HIGH	151
ces_28.sample_BR92	MODERATE	3028
ces_28.sample_BR92	MODIFIER	943
ces_28.sample_BR92	LOW	4443
ces_28.sample_BR94	HIGH	149
ces_28.sample_BR94	MODERATE	3197
ces_28.sample_BR94	MODIFIER	922
ces_28.sample_BR94	LOW	4501
ces_28.sample_NF	HIGH	134
ces_28.sample_NF	MODERATE	3079
ces_28.sample_NF	MODIFIER	942
ces_28.sample_NF	LOW	4569
ces_30.sample_15901854	HIGH	140
ces_30.sample_15901854	MODERATE	3108
ces_30.sample_15901854	MODIFIER	961
ces_30.sample_15901854	LOW	4523
ces_30.sample_CH00338	HIGH	142
ces_30.sample_CH00338	MODERATE	3053
ces_30.sample_CH00338	MODIFIER	999
ces_30.sample_CH00338	LOW	4376
ces_30.sample_CH00343	HIGH	146
ces_30.sample_CH00343	MODERATE	3064
ces_30.sample_CH00343	MODIFIER	949
ces_30.sample_CH00343	LOW	4412
ces_30.sample_CH00357	HIGH	127
ces_30.sample_CH00357	MODERATE	2977
ces_30.sample_CH00357	MODIFIER	929
ces_30.sample_CH00357	LOW	4385
ces_30.sample_CH00360	HIGH	134
ces_30.sample_CH00360	MODERATE	3021
ces_30.sample_CH00360	MODIFIER	946
ces_30.sample_CH00360	LOW	4431
ces_30.sample_CH00367	HIGH	124
ces_30.sample_CH00367	MODERATE	3062
ces_30.sample_CH00367	MODIFIER	946
ces_30.sample_CH00367	LOW	4372
ces_30.sample_CH00380	HIGH	147
ces_30.sample_CH00380	MODERATE	3096
ces_30.sample_CH00380	MODIFIER	950
ces_30.sample_CH00380	LOW	4295
ces_30.sample_CH00382	HIGH	142
ces_30.sample_CH00382	MODERATE	3019
ces_30.sample_CH00382	MODIFIER	915
ces_30.sample_CH00382	LOW	4354
ces_30.sample_CH00385	HIGH	140
ces_30.sample_CH00385	MODERATE	3042
ces_30.sample_CH00385	MODIFIER	905
ces_30.sample_CH00385	LOW	4417
ces_30.sample_CH00388	HIGH	143
ces_30.sample_CH00388	MODERATE	3086
ces_30.sample_CH00388	MODIFIER	930
ces_30.sample_CH00388	LOW	4422
ces_30.sample_CH00658	HIGH	154
ces_30.sample_CH00658	MODERATE	3109
ces_30.sample_CH00658	MODIFIER	952
ces_30.sample_CH00658	LOW	4600
ces_30.sample_F	HIGH	68
ces_30.sample_F	MODERATE	1527
ces_30.sample_F	MODIFIER	454
ces_30.sample_F	LOW	2133
ces_32.sample_CH01191	HIGH	123
ces_32.sample_CH01191	MODERATE	2987
ces_32.sample_CH01191	MODIFIER	918
ces_32.sample_CH01191	LOW	4288
ces_32.sample_CH01194	HIGH	124
ces_32.sample_CH01194	MODERATE	2960
ces_32.sample_CH01194	MODIFIER	962
ces_32.sample_CH01194	LOW	4348
ces_32.sample_CH01197	HIGH	134
ces_32.sample_CH01197	MODERATE	3032
ces_32.sample_CH01197	MODIFIER	947
ces_32.sample_CH01197	LOW	4335
ces_32.sample_CH01200	HIGH	167
ces_32.sample_CH01200	MODERATE	3102
ces_32.sample_CH01200	MODIFIER	935
ces_32.sample_CH01200	LOW	4462
ces_32.sample_CH01203	HIGH	142
ces_32.sample_CH01203	MODERATE	3020
ces_32.sample_CH01203	MODIFIER	913
ces_32.sample_CH01203	LOW	4456
ces_32.sample_CH01204	HIGH	129
ces_32.sample_CH01204	MODERATE	2969
ces_32.sample_CH01204	MODIFIER	918
ces_32.sample_CH01204	LOW	4313
ces_32.sample_CH01206	HIGH	127
ces_32.sample_CH01206	MODERATE	2876
ces_32.sample_CH01206	MODIFIER	914
ces_32.sample_CH01206	LOW	4224
ces_32.sample_CH01207	HIGH	136
ces_32.sample_CH01207	MODERATE	2976
ces_32.sample_CH01207	MODIFIER	915
ces_32.sample_CH01207	LOW	4401
ces_32.sample_CH01208	HIGH	137
ces_32.sample_CH01208	MODERATE	3064
ces_32.sample_CH01208	MODIFIER	941
ces_32.sample_CH01208	LOW	4427
ces_32.sample_CH01209	HIGH	143
ces_32.sample_CH01209	MODERATE	3110
ces_32.sample_CH01209	MODIFIER	920
ces_32.sample_CH01209	LOW	4460
ces_32.sample_CH01210	HIGH	112
ces_32.sample_CH01210	MODERATE	2997
ces_32.sample_CH01210	MODIFIER	908
ces_32.sample_CH01210	LOW	4307
ces_32.sample_CH01211	HIGH	133
ces_32.sample_CH01211	MODERATE	2965
ces_32.sample_CH01211	MODIFIER	920
ces_32.sample_CH01211	LOW	4359
ces_32.sample_CH01212	HIGH	127
ces_32.sample_CH01212	MODERATE	3048
ces_32.sample_CH01212	MODIFIER	904
ces_32.sample_CH01212	LOW	4272
ces_32.sample_CH01214	HIGH	136
ces_32.sample_CH01214	MODERATE	3046
ces_32.sample_CH01214	MODIFIER	956
ces_32.sample_CH01214	LOW	4498
ces_32.sample_CH01215	HIGH	119
ces_32.sample_CH01215	MODERATE	3060
ces_32.sample_CH01215	MODIFIER	900
ces_32.sample_CH01215	LOW	4409
ces_32.sample_CH01216	HIGH	140
ces_32.sample_CH01216	MODERATE	2948
ces_32.sample_CH01216	MODIFIER	902
ces_32.sample_CH01216	LOW	4368
ces_32.sample_CH01217	HIGH	129
ces_32.sample_CH01217	MODERATE	2882
ces_32.sample_CH01217	MODIFIER	885
ces_32.sample_CH01217	LOW	4300
ces_32.sample_CH01218	HIGH	146
ces_32.sample_CH01218	MODERATE	2990
ces_32.sample_CH01218	MODIFIER	923
ces_32.sample_CH01218	LOW	4342
ces_32.sample_CH01219	HIGH	127
ces_32.sample_CH01219	MODERATE	2921
ces_32.sample_CH01219	MODIFIER	868
ces_32.sample_CH01219	LOW	4303
ces_32.sample_CH01220	HIGH	122
ces_32.sample_CH01220	MODERATE	2959
ces_32.sample_CH01220	MODIFIER	916
ces_32.sample_CH01220	LOW	4342
ces_32.sample_CH01221	HIGH	133
ces_32.sample_CH01221	MODERATE	2991
ces_32.sample_CH01221	MODIFIER	888
ces_32.sample_CH01221	LOW	4343
ces_32.sample_CH01222	HIGH	126
ces_32.sample_CH01222	MODERATE	2939
ces_32.sample_CH01222	MODIFIER	877
ces_32.sample_CH01222	LOW	4290
ces_32.sample_CH01223	HIGH	57
ces_32.sample_CH01223	MODERATE	1641
ces_32.sample_CH01223	MODIFIER	429
ces_32.sample_CH01223	LOW	2324
ces_32.sample_CH01224	HIGH	134
ces_32.sample_CH01224	MODERATE	2983
ces_32.sample_CH01224	MODIFIER	885
ces_32.sample_CH01224	LOW	4379
ces_32.sample_CH01279	HIGH	163
ces_32.sample_CH01279	MODERATE	3064
ces_32.sample_CH01279	MODIFIER	928
ces_32.sample_CH01279	LOW	4413
run_1.sample_27	HIGH	560
run_1.sample_27	MODERATE	10477
run_1.sample_27	MODIFIER	11591
run_1.sample_27	LOW	12196
run_1.sample_59	HIGH	614
run_1.sample_59	MODERATE	10818
run_1.sample_59	MODIFIER	12337
run_1.sample_59	LOW	12621
run_1.sample_69	HIGH	618
run_1.sample_69	MODERATE	11267
run_1.sample_69	MODIFIER	12784
run_1.sample_69	LOW	12861
run_1.sample_70	HIGH	645
run_1.sample_70	MODERATE	11360
run_1.sample_70	MODIFIER	12883
run_1.sample_70	LOW	12921
run_1.sample_77	HIGH	587
run_1.sample_77	MODERATE	11104
run_1.sample_77	MODIFIER	12627
run_1.sample_77	LOW	12803
run_1.sample_78	HIGH	600
run_1.sample_78	MODERATE	10951
run_1.sample_78	MODIFIER	12384
run_1.sample_78	LOW	12479
run_10.sample_417	HIGH	687
run_10.sample_417	MODERATE	11552
run_10.sample_417	MODIFIER	13376
run_10.sample_417	LOW	13149
run_10.sample_470	HIGH	632
run_10.sample_470	MODERATE	11488
run_10.sample_470	MODIFIER	12884
run_10.sample_470	LOW	12896
run_10.sample_48	HIGH	608
run_10.sample_48	MODERATE	11354
run_10.sample_48	MODIFIER	12964
run_10.sample_48	LOW	13101
run_10.sample_49	HIGH	563
run_10.sample_49	MODERATE	11305
run_10.sample_49	MODIFIER	12316
run_10.sample_49	LOW	12967
run_10.sample_50	HIGH	705
run_10.sample_50	MODERATE	11488
run_10.sample_50	MODIFIER	13395
run_10.sample_50	LOW	13067
run_10.sample_524	HIGH	642
run_10.sample_524	MODERATE	11210
run_10.sample_524	MODIFIER	12986
run_10.sample_524	LOW	12865
run_10.sample_54	HIGH	665
run_10.sample_54	MODERATE	11466
run_10.sample_54	MODIFIER	12947
run_10.sample_54	LOW	13052
run_10.sample_561	HIGH	637
run_10.sample_561	MODERATE	11372
run_10.sample_561	MODIFIER	12958
run_10.sample_561	LOW	13072
run_10.sample_564	HIGH	627
run_10.sample_564	MODERATE	11290
run_10.sample_564	MODIFIER	12837
run_10.sample_564	LOW	12953
run_10.sample_75-16	HIGH	634
run_10.sample_75-16	MODERATE	11471
run_10.sample_75-16	MODIFIER	12870
run_10.sample_75-16	LOW	12915
run_11.sample_544	HIGH	611
run_11.sample_544	MODERATE	11309
run_11.sample_544	MODIFIER	12664
run_11.sample_544	LOW	12929
run_11.sample_554	HIGH	648
run_11.sample_554	MODERATE	11404
run_11.sample_554	MODIFIER	12923
run_11.sample_554	LOW	12811
run_11.sample_558	HIGH	611
run_11.sample_558	MODERATE	11396
run_11.sample_558	MODIFIER	13010
run_11.sample_558	LOW	13092
run_11.sample_565	HIGH	622
run_11.sample_565	MODERATE	11468
run_11.sample_565	MODIFIER	12728
run_11.sample_565	LOW	12829
run_11.sample_570	HIGH	627
run_11.sample_570	MODERATE	11176
run_11.sample_570	MODIFIER	12693
run_11.sample_570	LOW	12809
run_11.sample_578	HIGH	643
run_11.sample_578	MODERATE	11482
run_11.sample_578	MODIFIER	12974
run_11.sample_578	LOW	12989
run_11.sample_579	HIGH	633
run_11.sample_579	MODERATE	11444
run_11.sample_579	MODIFIER	12941
run_11.sample_579	LOW	13039
run_11.sample_580	HIGH	660
run_11.sample_580	MODERATE	11196
run_11.sample_580	MODIFIER	12747
run_11.sample_580	LOW	12757
run_11.sample_581	HIGH	648
run_11.sample_581	MODERATE	11527
run_11.sample_581	MODIFIER	13033
run_11.sample_581	LOW	13098
run_11.sample_582	HIGH	678
run_11.sample_582	MODERATE	11178
run_11.sample_582	MODIFIER	12606
run_11.sample_582	LOW	12759
run_12.sample_13	HIGH	597
run_12.sample_13	MODERATE	11138
run_12.sample_13	MODIFIER	12144
run_12.sample_13	LOW	12506
run_12.sample_231-16	HIGH	627
run_12.sample_231-16	MODERATE	11230
run_12.sample_231-16	MODIFIER	12356
run_12.sample_231-16	LOW	12693
run_12.sample_232-16	HIGH	644
run_12.sample_232-16	MODERATE	11441
run_12.sample_232-16	MODIFIER	12315
run_12.sample_232-16	LOW	12759
run_12.sample_29	HIGH	611
run_12.sample_29	MODERATE	11171
run_12.sample_29	MODIFIER	12499
run_12.sample_29	LOW	12826
run_12.sample_30	HIGH	618
run_12.sample_30	MODERATE	11288
run_12.sample_30	MODIFIER	12673
run_12.sample_30	LOW	12837
run_12.sample_31	HIGH	614
run_12.sample_31	MODERATE	11204
run_12.sample_31	MODIFIER	12503
run_12.sample_31	LOW	12762
run_12.sample_32	HIGH	611
run_12.sample_32	MODERATE	11135
run_12.sample_32	MODIFIER	12359
run_12.sample_32	LOW	12845
run_12.sample_BR51	HIGH	642
run_12.sample_BR51	MODERATE	11391
run_12.sample_BR51	MODIFIER	12320
run_12.sample_BR51	LOW	12867
run_12.sample_BR52	HIGH	611
run_12.sample_BR52	MODERATE	11316
run_12.sample_BR52	MODIFIER	12412
run_12.sample_BR52	LOW	12800
run_12.sample_BR53	HIGH	655
run_12.sample_BR53	MODERATE	11361
run_12.sample_BR53	MODIFIER	12553
run_12.sample_BR53	LOW	12727
run_14.sample_14	HIGH	634
run_14.sample_14	MODERATE	11202
run_14.sample_14	MODIFIER	12890
run_14.sample_14	LOW	12829
run_14.sample_15	HIGH	626
run_14.sample_15	MODERATE	11258
run_14.sample_15	MODIFIER	12998
run_14.sample_15	LOW	12831
run_14.sample_16	HIGH	660
run_14.sample_16	MODERATE	11443
run_14.sample_16	MODIFIER	12663
run_14.sample_16	LOW	12757
run_14.sample_17	HIGH	663
run_14.sample_17	MODERATE	11401
run_14.sample_17	MODIFIER	12797
run_14.sample_17	LOW	13060
run_14.sample_18	HIGH	658
run_14.sample_18	MODERATE	11425
run_14.sample_18	MODIFIER	12951
run_14.sample_18	LOW	13020
run_14.sample_2	HIGH	664
run_14.sample_2	MODERATE	11484
run_14.sample_2	MODIFIER	12878
run_14.sample_2	LOW	13091
run_14.sample_60	HIGH	604
run_14.sample_60	MODERATE	11387
run_14.sample_60	MODIFIER	12855
run_14.sample_60	LOW	12930
run_14.sample_61	HIGH	617
run_14.sample_61	MODERATE	11288
run_14.sample_61	MODIFIER	12781
run_14.sample_61	LOW	12810
run_14.sample_66	HIGH	670
run_14.sample_66	MODERATE	11527
run_14.sample_66	MODIFIER	12886
run_14.sample_66	LOW	13076
run_14.sample_67	HIGH	668
run_14.sample_67	MODERATE	11253
run_14.sample_67	MODIFIER	12768
run_14.sample_67	LOW	12879
run_15.sample_19	HIGH	610
run_15.sample_19	MODERATE	11030
run_15.sample_19	MODIFIER	12306
run_15.sample_19	LOW	12571
run_15.sample_20	HIGH	637
run_15.sample_20	MODERATE	11268
run_15.sample_20	MODIFIER	12505
run_15.sample_20	LOW	12659
run_15.sample_21	HIGH	656
run_15.sample_21	MODERATE	11418
run_15.sample_21	MODIFIER	12761
run_15.sample_21	LOW	13010
run_15.sample_22	HIGH	624
run_15.sample_22	MODERATE	11401
run_15.sample_22	MODIFIER	12277
run_15.sample_22	LOW	12622
run_15.sample_23	HIGH	604
run_15.sample_23	MODERATE	11155
run_15.sample_23	MODIFIER	12647
run_15.sample_23	LOW	12547
run_15.sample_24	HIGH	653
run_15.sample_24	MODERATE	11410
run_15.sample_24	MODIFIER	12654
run_15.sample_24	LOW	12891
run_15.sample_25	HIGH	618
run_15.sample_25	MODERATE	11096
run_15.sample_25	MODIFIER	12458
run_15.sample_25	LOW	12649
run_15.sample_33	HIGH	657
run_15.sample_33	MODERATE	11274
run_15.sample_33	MODIFIER	12790
run_15.sample_33	LOW	12702
run_15.sample_34	HIGH	712
run_15.sample_34	MODERATE	12450
run_15.sample_34	MODIFIER	14063
run_15.sample_34	LOW	14142
run_15.sample_35	HIGH	726
run_15.sample_35	MODERATE	12439
run_15.sample_35	MODIFIER	14040
run_15.sample_35	LOW	14149
run_15.sample_CH00277	HIGH	618
run_15.sample_CH00277	MODERATE	11290
run_15.sample_CH00277	MODIFIER	11841
run_15.sample_CH00277	LOW	12851
run_15.sample_CH00278	HIGH	630
run_15.sample_CH00278	MODERATE	11327
run_15.sample_CH00278	MODIFIER	12014
run_15.sample_CH00278	LOW	12954
run_15.sample_CH00279	HIGH	647
run_15.sample_CH00279	MODERATE	11541
run_15.sample_CH00279	MODIFIER	12376
run_15.sample_CH00279	LOW	13168
run_15.sample_CH00280	HIGH	1021
run_15.sample_CH00280	MODERATE	11178
run_15.sample_CH00280	MODIFIER	11661
run_15.sample_CH00280	LOW	12563
run_15.sample_CH00281	HIGH	620
run_15.sample_CH00281	MODERATE	11235
run_15.sample_CH00281	MODIFIER	12539
run_15.sample_CH00281	LOW	12652
run_15.sample_CH00282	HIGH	643
run_15.sample_CH00282	MODERATE	11430
run_15.sample_CH00282	MODIFIER	12118
run_15.sample_CH00282	LOW	12993
run_15.sample_CH00283	HIGH	633
run_15.sample_CH00283	MODERATE	11343
run_15.sample_CH00283	MODIFIER	12212
run_15.sample_CH00283	LOW	12903
run_15.sample_CH00284	HIGH	630
run_15.sample_CH00284	MODERATE	11394
run_15.sample_CH00284	MODIFIER	11750
run_15.sample_CH00284	LOW	12889
run_15.sample_CH00285	HIGH	613
run_15.sample_CH00285	MODERATE	11544
run_15.sample_CH00285	MODIFIER	11984
run_15.sample_CH00285	LOW	12783
run_15.sample_CH00286	HIGH	635
run_15.sample_CH00286	MODERATE	11613
run_15.sample_CH00286	MODIFIER	12426
run_15.sample_CH00286	LOW	13153
run_15.sample_CH00287	HIGH	649
run_15.sample_CH00287	MODERATE	11433
run_15.sample_CH00287	MODIFIER	12890
run_15.sample_CH00287	LOW	13010
run_15.sample_CH00288	HIGH	640
run_15.sample_CH00288	MODERATE	11145
run_15.sample_CH00288	MODIFIER	12483
run_15.sample_CH00288	LOW	12628
run_15.sample_CH00291	HIGH	609
run_15.sample_CH00291	MODERATE	11136
run_15.sample_CH00291	MODIFIER	12324
run_15.sample_CH00291	LOW	12566
run_15.sample_CH00292	HIGH	643
run_15.sample_CH00292	MODERATE	11312
run_15.sample_CH00292	MODIFIER	12374
run_15.sample_CH00292	LOW	12567
run_15.sample_CH00293	HIGH	650
run_15.sample_CH00293	MODERATE	11242
run_15.sample_CH00293	MODIFIER	12808
run_15.sample_CH00293	LOW	12944
run_15.sample_CH00294	HIGH	618
run_15.sample_CH00294	MODERATE	11287
run_15.sample_CH00294	MODIFIER	12823
run_15.sample_CH00294	LOW	12839
run_15.sample_CH00295	HIGH	657
run_15.sample_CH00295	MODERATE	11404
run_15.sample_CH00295	MODIFIER	12892
run_15.sample_CH00295	LOW	12796
run_15.sample_CH00296	HIGH	624
run_15.sample_CH00296	MODERATE	11213
run_15.sample_CH00296	MODIFIER	12591
run_15.sample_CH00296	LOW	12724
run_15.sample_CH00297	HIGH	621
run_15.sample_CH00297	MODERATE	11198
run_15.sample_CH00297	MODIFIER	12592
run_15.sample_CH00297	LOW	12827
run_15.sample_CH00298	HIGH	636
run_15.sample_CH00298	MODERATE	11246
run_15.sample_CH00298	MODIFIER	12506
run_15.sample_CH00298	LOW	12765
run_15.sample_CH00323	HIGH	659
run_15.sample_CH00323	MODERATE	11473
run_15.sample_CH00323	MODIFIER	12500
run_15.sample_CH00323	LOW	12754
run_15.sample_CH00324	HIGH	626
run_15.sample_CH00324	MODERATE	11062
run_15.sample_CH00324	MODIFIER	12153
run_15.sample_CH00324	LOW	12610
run_15.sample_CH00325	HIGH	596
run_15.sample_CH00325	MODERATE	11064
run_15.sample_CH00325	MODIFIER	12236
run_15.sample_CH00325	LOW	12588
run_15.sample_CH00326	HIGH	588
run_15.sample_CH00326	MODERATE	11162
run_15.sample_CH00326	MODIFIER	12350
run_15.sample_CH00326	LOW	12645
run_15.sample_CH00327	HIGH	613
run_15.sample_CH00327	MODERATE	11230
run_15.sample_CH00327	MODIFIER	12333
run_15.sample_CH00327	LOW	12549
run_15.sample_CH00328	HIGH	598
run_15.sample_CH00328	MODERATE	11045
run_15.sample_CH00328	MODIFIER	12510
run_15.sample_CH00328	LOW	12552
run_15.sample_CH00329	HIGH	641
run_15.sample_CH00329	MODERATE	11355
run_15.sample_CH00329	MODIFIER	12656
run_15.sample_CH00329	LOW	12877
run_15.sample_CH00330	HIGH	616
run_15.sample_CH00330	MODERATE	11253
run_15.sample_CH00330	MODIFIER	12339
run_15.sample_CH00330	LOW	12882
run_16.sample_BR21	HIGH	139
run_16.sample_BR21	MODERATE	3000
run_16.sample_BR21	MODIFIER	863
run_16.sample_BR21	LOW	4352
run_16.sample_BR55	HIGH	142
run_16.sample_BR55	MODERATE	3072
run_16.sample_BR55	MODIFIER	826
run_16.sample_BR55	LOW	4344
run_16.sample_BR59	HIGH	150
run_16.sample_BR59	MODERATE	3030
run_16.sample_BR59	MODIFIER	885
run_16.sample_BR59	LOW	4389
run_16.sample_BR60	HIGH	130
run_16.sample_BR60	MODERATE	3117
run_16.sample_BR60	MODIFIER	824
run_16.sample_BR60	LOW	4386
run_16.sample_BR63	HIGH	143
run_16.sample_BR63	MODERATE	2998
run_16.sample_BR63	MODIFIER	844
run_16.sample_BR63	LOW	4433
run_16.sample_BR64	HIGH	137
run_16.sample_BR64	MODERATE	3047
run_16.sample_BR64	MODIFIER	846
run_16.sample_BR64	LOW	4415
run_16.sample_BR69	HIGH	135
run_16.sample_BR69	MODERATE	2985
run_16.sample_BR69	MODIFIER	800
run_16.sample_BR69	LOW	4412
run_19.sample_2016CH00314BLD001A1	HIGH	135
run_19.sample_2016CH00314BLD001A1	MODERATE	3039
run_19.sample_2016CH00314BLD001A1	MODIFIER	873
run_19.sample_2016CH00314BLD001A1	LOW	4423
run_19.sample_2016CH00315BLD001A1	HIGH	122
run_19.sample_2016CH00315BLD001A1	MODERATE	2924
run_19.sample_2016CH00315BLD001A1	MODIFIER	873
run_19.sample_2016CH00315BLD001A1	LOW	4226
run_19.sample_2016CH00316BLD001A1	HIGH	122
run_19.sample_2016CH00316BLD001A1	MODERATE	2855
run_19.sample_2016CH00316BLD001A1	MODIFIER	911
run_19.sample_2016CH00316BLD001A1	LOW	4190
run_19.sample_2016CH00317BLD001A1	HIGH	139
run_19.sample_2016CH00317BLD001A1	MODERATE	3039
run_19.sample_2016CH00317BLD001A1	MODIFIER	920
run_19.sample_2016CH00317BLD001A1	LOW	4431
run_19.sample_2016CH00318BLD001A1	HIGH	128
run_19.sample_2016CH00318BLD001A1	MODERATE	3033
run_19.sample_2016CH00318BLD001A1	MODIFIER	913
run_19.sample_2016CH00318BLD001A1	LOW	4489
run_19.sample_2016CH00319BLD001A1	HIGH	124
run_19.sample_2016CH00319BLD001A1	MODERATE	3045
run_19.sample_2016CH00319BLD001A1	MODIFIER	920
run_19.sample_2016CH00319BLD001A1	LOW	4413
run_19.sample_2016CH00320BLD001A1	HIGH	124
run_19.sample_2016CH00320BLD001A1	MODERATE	3124
run_19.sample_2016CH00320BLD001A1	MODIFIER	942
run_19.sample_2016CH00320BLD001A1	LOW	4483
run_19.sample_2016CH00321BLD001A1	HIGH	139
run_19.sample_2016CH00321BLD001A1	MODERATE	3025
run_19.sample_2016CH00321BLD001A1	MODIFIER	921
run_19.sample_2016CH00321BLD001A1	LOW	4394
run_19.sample_2016CH00322BLD001A1	HIGH	151
run_19.sample_2016CH00322BLD001A1	MODERATE	3037
run_19.sample_2016CH00322BLD001A1	MODIFIER	917
run_19.sample_2016CH00322BLD001A1	LOW	4378
run_19.sample_2016CH00334BLD001A1	HIGH	154
run_19.sample_2016CH00334BLD001A1	MODERATE	3031
run_19.sample_2016CH00334BLD001A1	MODIFIER	925
run_19.sample_2016CH00334BLD001A1	LOW	4433
run_2.sample_79	HIGH	639
run_2.sample_79	MODERATE	11234
run_2.sample_79	MODIFIER	13852
run_2.sample_79	LOW	13780
run_2.sample_80	HIGH	619
run_2.sample_80	MODERATE	11166
run_2.sample_80	MODIFIER	13933
run_2.sample_80	LOW	13803
run_20.sample_CH00289	HIGH	629
run_20.sample_CH00289	MODERATE	11342
run_20.sample_CH00289	MODIFIER	12876
run_20.sample_CH00289	LOW	13072
run_20.sample_CH00308	HIGH	633
run_20.sample_CH00308	MODERATE	11382
run_20.sample_CH00308	MODIFIER	12984
run_20.sample_CH00308	LOW	12946
run_20.sample_CH00309	HIGH	628
run_20.sample_CH00309	MODERATE	11280
run_20.sample_CH00309	MODIFIER	12849
run_20.sample_CH00309	LOW	12944
run_20.sample_CH00310	HIGH	627
run_20.sample_CH00310	MODERATE	11433
run_20.sample_CH00310	MODIFIER	12892
run_20.sample_CH00310	LOW	13092
run_20.sample_CH00311	HIGH	646
run_20.sample_CH00311	MODERATE	11370
run_20.sample_CH00311	MODIFIER	12697
run_20.sample_CH00311	LOW	12860
run_20.sample_CH00532	HIGH	660
run_20.sample_CH00532	MODERATE	11249
run_20.sample_CH00532	MODIFIER	12707
run_20.sample_CH00532	LOW	12806
run_20.sample_CH00533	HIGH	632
run_20.sample_CH00533	MODERATE	11371
run_20.sample_CH00533	MODIFIER	13188
run_20.sample_CH00533	LOW	13095
run_20.sample_CH00632	HIGH	676
run_20.sample_CH00632	MODERATE	11535
run_20.sample_CH00632	MODIFIER	12988
run_20.sample_CH00632	LOW	12950
run_21.sample_CH00290	HIGH	621
run_21.sample_CH00290	MODERATE	11303
run_21.sample_CH00290	MODIFIER	12712
run_21.sample_CH00290	LOW	12937
run_21.sample_CH00299	HIGH	632
run_21.sample_CH00299	MODERATE	11291
run_21.sample_CH00299	MODIFIER	12501
run_21.sample_CH00299	LOW	12837
run_21.sample_CH00300	HIGH	595
run_21.sample_CH00300	MODERATE	10905
run_21.sample_CH00300	MODIFIER	12067
run_21.sample_CH00300	LOW	12502
run_21.sample_CH00301	HIGH	615
run_21.sample_CH00301	MODERATE	11272
run_21.sample_CH00301	MODIFIER	12464
run_21.sample_CH00301	LOW	12694
run_21.sample_CH00302	HIGH	639
run_21.sample_CH00302	MODERATE	11243
run_21.sample_CH00302	MODIFIER	12514
run_21.sample_CH00302	LOW	12621
run_21.sample_CH00303	HIGH	602
run_21.sample_CH00303	MODERATE	10945
run_21.sample_CH00303	MODIFIER	12206
run_21.sample_CH00303	LOW	12559
run_21.sample_CH00304	HIGH	627
run_21.sample_CH00304	MODERATE	11415
run_21.sample_CH00304	MODIFIER	12670
run_21.sample_CH00304	LOW	13262
run_21.sample_CH00305	HIGH	579
run_21.sample_CH00305	MODERATE	11175
run_21.sample_CH00305	MODIFIER	12482
run_21.sample_CH00305	LOW	12666
run_21.sample_CH00306	HIGH	598
run_21.sample_CH00306	MODERATE	11115
run_21.sample_CH00306	MODIFIER	12470
run_21.sample_CH00306	LOW	12660
run_21.sample_CH00307	HIGH	665
run_21.sample_CH00307	MODERATE	11302
run_21.sample_CH00307	MODIFIER	12637
run_21.sample_CH00307	LOW	12985
run_22.sample_BR0451	HIGH	114
run_22.sample_BR0451	MODERATE	2633
run_22.sample_BR0451	MODIFIER	754
run_22.sample_BR0451	LOW	3946
run_22.sample_BR0722	HIGH	93
run_22.sample_BR0722	MODERATE	2429
run_22.sample_BR0722	MODIFIER	674
run_22.sample_BR0722	LOW	3550
run_22.sample_BR0733	HIGH	106
run_22.sample_BR0733	MODERATE	2523
run_22.sample_BR0733	MODIFIER	730
run_22.sample_BR0733	LOW	3754
run_22.sample_BR0744	HIGH	94
run_22.sample_BR0744	MODERATE	2536
run_22.sample_BR0744	MODIFIER	751
run_22.sample_BR0744	LOW	3655
run_22.sample_BR0755	HIGH	128
run_22.sample_BR0755	MODERATE	2620
run_22.sample_BR0755	MODIFIER	740
run_22.sample_BR0755	LOW	3847
run_22.sample_BR0766	HIGH	112
run_22.sample_BR0766	MODERATE	2366
run_22.sample_BR0766	MODIFIER	641
run_22.sample_BR0766	LOW	3568
run_22.sample_BR0797	HIGH	102
run_22.sample_BR0797	MODERATE	2501
run_22.sample_BR0797	MODIFIER	720
run_22.sample_BR0797	LOW	3584
run_22.sample_BR0828	HIGH	110
run_22.sample_BR0828	MODERATE	2410
run_22.sample_BR0828	MODIFIER	703
run_22.sample_BR0828	LOW	3573
run_22.sample_BR0839	HIGH	109
run_22.sample_BR0839	MODERATE	2512
run_22.sample_BR0839	MODIFIER	728
run_22.sample_BR0839	LOW	3744
run_24.sample_15913291	HIGH	116
run_24.sample_15913291	MODERATE	2599
run_24.sample_15913291	MODIFIER	774
run_24.sample_15913291	LOW	3775
run_3.sample_116	HIGH	614
run_3.sample_116	MODERATE	11122
run_3.sample_116	MODIFIER	12510
run_3.sample_116	LOW	12679
run_3.sample_153	HIGH	623
run_3.sample_153	MODERATE	11553
run_3.sample_153	MODIFIER	12804
run_3.sample_153	LOW	12830
run_3.sample_163	HIGH	633
run_3.sample_163	MODERATE	11241
run_3.sample_163	MODIFIER	12895
run_3.sample_163	LOW	13152
run_3.sample_164	HIGH	658
run_3.sample_164	MODERATE	11480
run_3.sample_164	MODIFIER	12995
run_3.sample_164	LOW	13206
run_3.sample_165	HIGH	645
run_3.sample_165	MODERATE	11200
run_3.sample_165	MODIFIER	12730
run_3.sample_165	LOW	13027
run_3.sample_166	HIGH	621
run_3.sample_166	MODERATE	11221
run_3.sample_166	MODIFIER	13096
run_3.sample_166	LOW	12971
run_3.sample_167	HIGH	638
run_3.sample_167	MODERATE	11445
run_3.sample_167	MODIFIER	12816
run_3.sample_167	LOW	12773
run_3.sample_168	HIGH	630
run_3.sample_168	MODERATE	11200
run_3.sample_168	MODIFIER	12785
run_3.sample_168	LOW	12655
run_3.sample_93	HIGH	620
run_3.sample_93	MODERATE	10951
run_3.sample_93	MODIFIER	12413
run_3.sample_93	LOW	12840
run_3.sample_94	HIGH	611
run_3.sample_94	MODERATE	11068
run_3.sample_94	MODIFIER	12591
run_3.sample_94	LOW	12656
run_4.sample_113	HIGH	595
run_4.sample_113	MODERATE	11140
run_4.sample_113	MODIFIER	12335
run_4.sample_113	LOW	12666
run_4.sample_114	HIGH	617
run_4.sample_114	MODERATE	11062
run_4.sample_114	MODIFIER	12204
run_4.sample_114	LOW	12668
run_4.sample_117	HIGH	585
run_4.sample_117	MODERATE	10756
run_4.sample_117	MODIFIER	12097
run_4.sample_117	LOW	12300
run_4.sample_118	HIGH	593
run_4.sample_118	MODERATE	10931
run_4.sample_118	MODIFIER	12245
run_4.sample_118	LOW	12486
run_4.sample_158	HIGH	575
run_4.sample_158	MODERATE	10649
run_4.sample_158	MODIFIER	11598
run_4.sample_158	LOW	12171
run_4.sample_169	HIGH	564
run_4.sample_169	MODERATE	10752
run_4.sample_169	MODIFIER	11766
run_4.sample_169	LOW	12245
run_4.sample_170	HIGH	525
run_4.sample_170	MODERATE	10543
run_4.sample_170	MODIFIER	11464
run_4.sample_170	LOW	11975
run_4.sample_185	HIGH	568
run_4.sample_185	MODERATE	10565
run_4.sample_185	MODIFIER	11206
run_4.sample_185	LOW	12013
run_4.sample_197	HIGH	584
run_4.sample_197	MODERATE	11049
run_4.sample_197	MODIFIER	12301
run_4.sample_197	LOW	12483
run_4.sample_198	HIGH	614
run_4.sample_198	MODERATE	10939
run_4.sample_198	MODIFIER	12298
run_4.sample_198	LOW	12444
run_4.sample_199	HIGH	540
run_4.sample_199	MODERATE	10621
run_4.sample_199	MODIFIER	11770
run_4.sample_199	LOW	12046
run_5.sample_120	HIGH	652
run_5.sample_120	MODERATE	11242
run_5.sample_120	MODIFIER	13925
run_5.sample_120	LOW	13762
run_5.sample_121	HIGH	597
run_5.sample_121	MODERATE	10868
run_5.sample_121	MODIFIER	13622
run_5.sample_121	LOW	13545
run_5.sample_122	HIGH	654
run_5.sample_122	MODERATE	11432
run_5.sample_122	MODIFIER	14000
run_5.sample_122	LOW	14023
run_5.sample_226	HIGH	644
run_5.sample_226	MODERATE	11267
run_5.sample_226	MODIFIER	13732
run_5.sample_226	LOW	13705
run_5.sample_232	HIGH	637
run_5.sample_232	MODERATE	11017
run_5.sample_232	MODIFIER	13661
run_5.sample_232	LOW	13679
run_5.sample_411	HIGH	610
run_5.sample_411	MODERATE	10692
run_5.sample_411	MODIFIER	13462
run_5.sample_411	LOW	13334
run_6.sample_233	HIGH	652
run_6.sample_233	MODERATE	11063
run_6.sample_233	MODIFIER	13752
run_6.sample_233	LOW	13588
run_6.sample_256	HIGH	606
run_6.sample_256	MODERATE	11043
run_6.sample_256	MODIFIER	13620
run_6.sample_256	LOW	13643
run_6.sample_257	HIGH	630
run_6.sample_257	MODERATE	11073
run_6.sample_257	MODIFIER	13596
run_6.sample_257	LOW	13639
run_6.sample_258	HIGH	636
run_6.sample_258	MODERATE	11175
run_6.sample_258	MODIFIER	13731
run_6.sample_258	LOW	13682
run_6.sample_259	HIGH	612
run_6.sample_259	MODERATE	10976
run_6.sample_259	MODIFIER	13592
run_6.sample_259	LOW	13577
run_6.sample_260	HIGH	640
run_6.sample_260	MODERATE	11162
run_6.sample_260	MODIFIER	13736
run_6.sample_260	LOW	13619
run_6.sample_261	HIGH	617
run_6.sample_261	MODERATE	11120
run_6.sample_261	MODIFIER	13659
run_6.sample_261	LOW	13626
run_6.sample_265	HIGH	652
run_6.sample_265	MODERATE	10929
run_6.sample_265	MODIFIER	13550
run_6.sample_265	LOW	13751
run_6.sample_266	HIGH	625
run_6.sample_266	MODERATE	10935
run_6.sample_266	MODIFIER	13451
run_6.sample_266	LOW	13415
run_6.sample_267	HIGH	617
run_6.sample_267	MODERATE	10984
run_6.sample_267	MODIFIER	13629
run_6.sample_267	LOW	13394
run_6.sample_279	HIGH	628
run_6.sample_279	MODERATE	10906
run_6.sample_279	MODIFIER	13734
run_6.sample_279	LOW	13528
run_6.sample_302	HIGH	613
run_6.sample_302	MODERATE	11081
run_6.sample_302	MODIFIER	13569
run_6.sample_302	LOW	13596
run_6.sample_377	HIGH	651
run_6.sample_377	MODERATE	11319
run_6.sample_377	MODIFIER	13584
run_6.sample_377	LOW	13599
run_6.sample_378	HIGH	622
run_6.sample_378	MODERATE	10931
run_6.sample_378	MODIFIER	13381
run_6.sample_378	LOW	13363
run_6.sample_379	HIGH	598
run_6.sample_379	MODERATE	11047
run_6.sample_379	MODIFIER	13650
run_6.sample_379	LOW	13479
run_6.sample_398	HIGH	628
run_6.sample_398	MODERATE	10971
run_6.sample_398	MODIFIER	13684
run_6.sample_398	LOW	13567
run_7.sample_119	HIGH	618
run_7.sample_119	MODERATE	10951
run_7.sample_119	MODIFIER	13615
run_7.sample_119	LOW	13472
run_7.sample_126	HIGH	612
run_7.sample_126	MODERATE	10811
run_7.sample_126	MODIFIER	13391
run_7.sample_126	LOW	13411
run_7.sample_127	HIGH	623
run_7.sample_127	MODERATE	10931
run_7.sample_127	MODIFIER	13477
run_7.sample_127	LOW	13605
run_7.sample_128	HIGH	596
run_7.sample_128	MODERATE	10810
run_7.sample_128	MODIFIER	13252
run_7.sample_128	LOW	13373
run_7.sample_133	HIGH	619
run_7.sample_133	MODERATE	10819
run_7.sample_133	MODIFIER	13208
run_7.sample_133	LOW	13399
run_7.sample_134	HIGH	624
run_7.sample_134	MODERATE	10872
run_7.sample_134	MODIFIER	13618
run_7.sample_134	LOW	13523
run_7.sample_135	HIGH	592
run_7.sample_135	MODERATE	10795
run_7.sample_135	MODIFIER	13213
run_7.sample_135	LOW	13395
run_7.sample_172	HIGH	634
run_7.sample_172	MODERATE	10887
run_7.sample_172	MODIFIER	13310
run_7.sample_172	LOW	13376
run_7.sample_176	HIGH	624
run_7.sample_176	MODERATE	10942
run_7.sample_176	MODIFIER	13409
run_7.sample_176	LOW	13284
run_7.sample_190	HIGH	603
run_7.sample_190	MODERATE	11090
run_7.sample_190	MODIFIER	13807
run_7.sample_190	LOW	13690
run_7.sample_191	HIGH	619
run_7.sample_191	MODERATE	11017
run_7.sample_191	MODIFIER	13599
run_7.sample_191	LOW	13567
run_7.sample_192	HIGH	609
run_7.sample_192	MODERATE	11063
run_7.sample_192	MODIFIER	13653
run_7.sample_192	LOW	13473
run_7.sample_303	HIGH	606
run_7.sample_303	MODERATE	10880
run_7.sample_303	MODIFIER	13239
run_7.sample_303	LOW	13417
run_7.sample_318	HIGH	612
run_7.sample_318	MODERATE	11030
run_7.sample_318	MODIFIER	13537
run_7.sample_318	LOW	13647
run_7.sample_345	HIGH	635
run_7.sample_345	MODERATE	10989
run_7.sample_345	MODIFIER	13628
run_7.sample_345	LOW	13449
run_7.sample_443	HIGH	669
run_7.sample_443	MODERATE	10983
run_7.sample_443	MODIFIER	13598
run_7.sample_443	LOW	13438
run_8.sample_013	HIGH	633
run_8.sample_013	MODERATE	11274
run_8.sample_013	MODIFIER	12746
run_8.sample_013	LOW	12876
run_8.sample_014	HIGH	627
run_8.sample_014	MODERATE	11208
run_8.sample_014	MODIFIER	12579
run_8.sample_014	LOW	12765
run_8.sample_144	HIGH	607
run_8.sample_144	MODERATE	11291
run_8.sample_144	MODIFIER	12807
run_8.sample_144	LOW	13045
run_8.sample_149	HIGH	594
run_8.sample_149	MODERATE	11169
run_8.sample_149	MODIFIER	12708
run_8.sample_149	LOW	12801
run_8.sample_156	HIGH	644
run_8.sample_156	MODERATE	11261
run_8.sample_156	MODIFIER	12581
run_8.sample_156	LOW	12870
run_8.sample_171	HIGH	585
run_8.sample_171	MODERATE	10723
run_8.sample_171	MODIFIER	11619
run_8.sample_171	LOW	12358
run_8.sample_193	HIGH	574
run_8.sample_193	MODERATE	11225
run_8.sample_193	MODIFIER	12022
run_8.sample_193	LOW	12885
run_8.sample_194	HIGH	563
run_8.sample_194	MODERATE	10931
run_8.sample_194	MODIFIER	12105
run_8.sample_194	LOW	12647
run_8.sample_195	HIGH	565
run_8.sample_195	MODERATE	10816
run_8.sample_195	MODIFIER	12035
run_8.sample_195	LOW	12461
run_8.sample_196	HIGH	552
run_8.sample_196	MODERATE	10963
run_8.sample_196	MODIFIER	11863
run_8.sample_196	LOW	12656
run_8.sample_215	HIGH	584
run_8.sample_215	MODERATE	11009
run_8.sample_215	MODIFIER	12246
run_8.sample_215	LOW	12534
run_8.sample_224	HIGH	618
run_8.sample_224	MODERATE	10811
run_8.sample_224	MODIFIER	12229
run_8.sample_224	LOW	12400
run_8.sample_268	HIGH	598
run_8.sample_268	MODERATE	10994
run_8.sample_268	MODIFIER	12055
run_8.sample_268	LOW	12500
run_8.sample_269	HIGH	612
run_8.sample_269	MODERATE	11039
run_8.sample_269	MODIFIER	12561
run_8.sample_269	LOW	12765
run_8.sample_270	HIGH	576
run_8.sample_270	MODERATE	10895
run_8.sample_270	MODIFIER	12647
run_8.sample_270	LOW	12633
run_8.sample_293	HIGH	604
run_8.sample_293	MODERATE	11184
run_8.sample_293	MODIFIER	12362
run_8.sample_293	LOW	12709
run_8.sample_392	HIGH	594
run_8.sample_392	MODERATE	10793
run_8.sample_392	MODIFIER	12244
run_8.sample_392	LOW	12358
run_8.sample_399	HIGH	599
run_8.sample_399	MODERATE	11266
run_8.sample_399	MODIFIER	12537
run_8.sample_399	LOW	12848
run_8.sample_400	HIGH	610
run_8.sample_400	MODERATE	11234
run_8.sample_400	MODIFIER	12594
run_8.sample_400	LOW	12669
run_8.sample_406	HIGH	597
run_8.sample_406	MODERATE	11025
run_8.sample_406	MODIFIER	11766
run_8.sample_406	LOW	12339
run_8.sample_407	HIGH	582
run_8.sample_407	MODERATE	10894
run_8.sample_407	MODIFIER	11735
run_8.sample_407	LOW	12465
run_8.sample_408	HIGH	605
run_8.sample_408	MODERATE	10975
run_8.sample_408	MODIFIER	12195
run_8.sample_408	LOW	12665
run_8.sample_409	HIGH	618
run_8.sample_409	MODERATE	11278
run_8.sample_409	MODIFIER	12544
run_8.sample_409	LOW	12766
run_8.sample_410	HIGH	595
run_8.sample_410	MODERATE	11083
run_8.sample_410	MODIFIER	12549
run_8.sample_410	LOW	12869
run_8.sample_414	HIGH	528
run_8.sample_414	MODERATE	10734
run_8.sample_414	MODIFIER	12099
run_8.sample_414	LOW	12550
run_8.sample_415	HIGH	590
run_8.sample_415	MODERATE	10811
run_8.sample_415	MODIFIER	11933
run_8.sample_415	LOW	12226
run_8.sample_422	HIGH	586
run_8.sample_422	MODERATE	10792
run_8.sample_422	MODIFIER	11439
run_8.sample_422	LOW	12337
run_8.sample_424	HIGH	601
run_8.sample_424	MODERATE	11295
run_8.sample_424	MODIFIER	12233
run_8.sample_424	LOW	13083
run_8.sample_425	HIGH	600
run_8.sample_425	MODERATE	10895
run_8.sample_425	MODIFIER	12056
run_8.sample_425	LOW	12585
run_8.sample_426	HIGH	563
run_8.sample_426	MODERATE	11092
run_8.sample_426	MODIFIER	12095
run_8.sample_426	LOW	12791
run_8.sample_427	HIGH	588
run_8.sample_427	MODERATE	10799
run_8.sample_427	MODIFIER	12212
run_8.sample_427	LOW	12539
run_8.sample_432	HIGH	579
run_8.sample_432	MODERATE	11232
run_8.sample_432	MODIFIER	12416
run_8.sample_432	LOW	12891
run_8.sample_433	HIGH	584
run_8.sample_433	MODERATE	11046
run_8.sample_433	MODIFIER	12073
run_8.sample_433	LOW	12547
run_8.sample_434	HIGH	609
run_8.sample_434	MODERATE	11368
run_8.sample_434	MODIFIER	12700
run_8.sample_434	LOW	12953
run_8.sample_440	HIGH	580
run_8.sample_440	MODERATE	11165
run_8.sample_440	MODIFIER	12426
run_8.sample_440	LOW	12744
run_8.sample_458	HIGH	597
run_8.sample_458	MODERATE	11299
run_8.sample_458	MODIFIER	12637
run_8.sample_458	LOW	12868
run_8.sample_460	HIGH	629
run_8.sample_460	MODERATE	11133
run_8.sample_460	MODIFIER	12485
run_8.sample_460	LOW	12793
run_8.sample_461	HIGH	605
run_8.sample_461	MODERATE	11158
run_8.sample_461	MODIFIER	12397
run_8.sample_461	LOW	12651
run_8.sample_462	HIGH	595
run_8.sample_462	MODERATE	10914
run_8.sample_462	MODIFIER	12116
run_8.sample_462	LOW	12601
run_8.sample_474	HIGH	621
run_8.sample_474	MODERATE	11190
run_8.sample_474	MODIFIER	12279
run_8.sample_474	LOW	12894
run_8.sample_504	HIGH	587
run_8.sample_504	MODERATE	11121
run_8.sample_504	MODIFIER	12539
run_8.sample_504	LOW	12802
run_8.sample_510	HIGH	579
run_8.sample_510	MODERATE	11100
run_8.sample_510	MODIFIER	12332
run_8.sample_510	LOW	12637
run_8.sample_511	HIGH	587
run_8.sample_511	MODERATE	11016
run_8.sample_511	MODIFIER	12396
run_8.sample_511	LOW	12724
run_8.sample_520	HIGH	598
run_8.sample_520	MODERATE	10906
run_8.sample_520	MODIFIER	12302
run_8.sample_520	LOW	12442
run_8.sample_529	HIGH	587
run_8.sample_529	MODERATE	10893
run_8.sample_529	MODIFIER	12250
run_8.sample_529	LOW	12390
run_8.sample_548	HIGH	583
run_8.sample_548	MODERATE	10989
run_8.sample_548	MODIFIER	12327
run_8.sample_548	LOW	12608
run_9.sample_S01	HIGH	566
run_9.sample_S01	MODERATE	10902
run_9.sample_S01	MODIFIER	11971
run_9.sample_S01	LOW	12524
run_9.sample_S02	HIGH	582
run_9.sample_S02	MODERATE	10953
run_9.sample_S02	MODIFIER	12111
run_9.sample_S02	LOW	12539
run_9.sample_S03	HIGH	572
run_9.sample_S03	MODERATE	11006
run_9.sample_S03	MODIFIER	12158
run_9.sample_S03	LOW	12466
run_9.sample_S04	HIGH	583
run_9.sample_S04	MODERATE	11033
run_9.sample_S04	MODIFIER	12139
run_9.sample_S04	LOW	12454
run_9.sample_S05	HIGH	602
run_9.sample_S05	MODERATE	10953
run_9.sample_S05	MODIFIER	12213
run_9.sample_S05	LOW	12432
run_9.sample_S06	HIGH	551
run_9.sample_S06	MODERATE	10749
run_9.sample_S06	MODIFIER	11973
run_9.sample_S06	LOW	12357
run_9.sample_S07	HIGH	604
run_9.sample_S07	MODERATE	11081
run_9.sample_S07	MODIFIER	12395
run_9.sample_S07	LOW	12653
run_9.sample_S08	HIGH	584
run_9.sample_S08	MODERATE	10838
run_9.sample_S08	MODIFIER	11966
run_9.sample_S08	LOW	12528
run_9.sample_S09	HIGH	567
run_9.sample_S09	MODERATE	10583
run_9.sample_S09	MODIFIER	11388
run_9.sample_S09	LOW	12056
run_9.sample_S10	HIGH	566
run_9.sample_S10	MODERATE	10975
run_9.sample_S10	MODIFIER	12281
run_9.sample_S10	LOW	12533
run_9.sample_S11	HIGH	608
run_9.sample_S11	MODERATE	11169
run_9.sample_S11	MODIFIER	12173
run_9.sample_S11	LOW	12726
run_9.sample_S12	HIGH	580
run_9.sample_S12	MODERATE	11076
run_9.sample_S12	MODIFIER	12131
run_9.sample_S12	LOW	12546
run_CE.sample_RB46	HIGH	140
run_CE.sample_RB46	MODERATE	3033
run_CE.sample_RB46	MODIFIER	957
run_CE.sample_RB46	LOW	4315
run_CE.sample_RB62	HIGH	142
run_CE.sample_RB62	MODERATE	3094
run_CE.sample_RB62	MODIFIER	928
run_CE.sample_RB62	LOW	4361
run_CE.sample_RB66	HIGH	148
run_CE.sample_RB66	MODERATE	3070
run_CE.sample_RB66	MODIFIER	918
run_CE.sample_RB66	LOW	4408
runs_1-2.sample_62	HIGH	693
runs_1-2.sample_62	MODERATE	11413
runs_1-2.sample_62	MODIFIER	13005
runs_1-2.sample_62	LOW	13040
runs_1-2.sample_68	HIGH	691
runs_1-2.sample_68	MODERATE	11471
runs_1-2.sample_68	MODIFIER	13173
runs_1-2.sample_68	LOW	13043
runs_2-3-4.sample_83	HIGH	715
runs_2-3-4.sample_83	MODERATE	11555
runs_2-3-4.sample_83	MODIFIER	13321
runs_2-3-4.sample_83	LOW	13112
runs_2-3-4.sample_95	HIGH	685
runs_2-3-4.sample_95	MODERATE	11479
runs_2-3-4.sample_95	MODIFIER	13186
runs_2-3-4.sample_95	LOW	13065
wes_27.sample_26	HIGH	642
wes_27.sample_26	MODERATE	11210
wes_27.sample_26	MODIFIER	12629
wes_27.sample_26	LOW	13078
wes_27.sample_28	HIGH	617
wes_27.sample_28	MODERATE	11066
wes_27.sample_28	MODIFIER	12395
wes_27.sample_28	LOW	12891
wes_27.sample_36	HIGH	663
wes_27.sample_36	MODERATE	11211
wes_27.sample_36	MODIFIER	12565
wes_27.sample_36	LOW	12861
wes_27.sample_37	HIGH	644
wes_27.sample_37	MODERATE	11229
wes_27.sample_37	MODIFIER	12740
wes_27.sample_37	LOW	12933
wes_27.sample_38	HIGH	655
wes_27.sample_38	MODERATE	11379
wes_27.sample_38	MODIFIER	12796
wes_27.sample_38	LOW	12936
wes_27.sample_39	HIGH	628
wes_27.sample_39	MODERATE	11399
wes_27.sample_39	MODIFIER	12912
wes_27.sample_39	LOW	13067
wes_27.sample_40	HIGH	657
wes_27.sample_40	MODERATE	11515
wes_27.sample_40	MODIFIER	12877
wes_27.sample_40	LOW	13132
wes_27.sample_41	HIGH	585
wes_27.sample_41	MODERATE	10706
wes_27.sample_41	MODIFIER	11992
wes_27.sample_41	LOW	12338
wes_27.sample_42	HIGH	585
wes_27.sample_42	MODERATE	10759
wes_27.sample_42	MODIFIER	11984
wes_27.sample_42	LOW	12470
wes_27.sample_43	HIGH	600
wes_27.sample_43	MODERATE	10875
wes_27.sample_43	MODIFIER	12152
wes_27.sample_43	LOW	12391
wes_27.sample_44	HIGH	581
wes_27.sample_44	MODERATE	10704
wes_27.sample_44	MODIFIER	11974
wes_27.sample_44	LOW	12238
wes_27.sample_CH00312	HIGH	609
wes_27.sample_CH00312	MODERATE	11178
wes_27.sample_CH00312	MODIFIER	12562
wes_27.sample_CH00312	LOW	12835
wes_27.sample_CH00313	HIGH	629
wes_27.sample_CH00313	MODERATE	11317
wes_27.sample_CH00313	MODIFIER	12381
wes_27.sample_CH00313	LOW	12924
wes_27.sample_CH0661	HIGH	543
wes_27.sample_CH0661	MODERATE	10178
wes_27.sample_CH0661	MODIFIER	11030
wes_27.sample_CH0661	LOW	11596
wes_27.sample_CH0662	HIGH	536
wes_27.sample_CH0662	MODERATE	9768
wes_27.sample_CH0662	MODIFIER	10358
wes_27.sample_CH0662	LOW	11106
wes_27.sample_CH0663	HIGH	563
wes_27.sample_CH0663	MODERATE	10108
wes_27.sample_CH0663	MODIFIER	10988
wes_27.sample_CH0663	LOW	11544
wes_27.sample_CH0664	HIGH	529
wes_27.sample_CH0664	MODERATE	10097
wes_27.sample_CH0664	MODIFIER	10927
wes_27.sample_CH0664	LOW	11447
wes_27.sample_CH0665	HIGH	557
wes_27.sample_CH0665	MODERATE	10617
wes_27.sample_CH0665	MODIFIER	11755
wes_27.sample_CH0665	LOW	12108
wes_27.sample_CH0666	HIGH	528
wes_27.sample_CH0666	MODERATE	10138
wes_27.sample_CH0666	MODIFIER	11041
wes_27.sample_CH0666	LOW	11691
wes_29.sample_A12	HIGH	681
wes_29.sample_A12	MODERATE	11236
wes_29.sample_A12	MODIFIER	9948
wes_29.sample_A12	LOW	12689
wes_29.sample_A13	HIGH	660
wes_29.sample_A13	MODERATE	11086
wes_29.sample_A13	MODIFIER	10148
wes_29.sample_A13	LOW	12731
wes_29.sample_A14	HIGH	598
wes_29.sample_A14	MODERATE	11236
wes_29.sample_A14	MODIFIER	10181
wes_29.sample_A14	LOW	12713
wes_29.sample_A2	HIGH	1503
wes_29.sample_A2	MODERATE	8358
wes_29.sample_A2	MODIFIER	6305
wes_29.sample_A2	LOW	8319
wes_29.sample_A4	HIGH	666
wes_29.sample_A4	MODERATE	11484
wes_29.sample_A4	MODIFIER	10007
wes_29.sample_A4	LOW	12952
wes_29.sample_A5	HIGH	663
wes_29.sample_A5	MODERATE	11103
wes_29.sample_A5	MODIFIER	9894
wes_29.sample_A5	LOW	12618
wes_29.sample_A6	HIGH	748
wes_29.sample_A6	MODERATE	11124
wes_29.sample_A6	MODIFIER	10029
wes_29.sample_A6	LOW	12558
wes_29.sample_A7	HIGH	619
wes_29.sample_A7	MODERATE	11263
wes_29.sample_A7	MODIFIER	10321
wes_29.sample_A7	LOW	12993
wes_29.sample_CH00827	HIGH	633
wes_29.sample_CH00827	MODERATE	11399
wes_29.sample_CH00827	MODIFIER	12857
wes_29.sample_CH00827	LOW	13037
wes_29.sample_CH00828	HIGH	587
wes_29.sample_CH00828	MODERATE	11401
wes_29.sample_CH00828	MODIFIER	12847
wes_29.sample_CH00828	LOW	13007
wes_29.sample_CH00829	HIGH	616
wes_29.sample_CH00829	MODERATE	11104
wes_29.sample_CH00829	MODIFIER	12679
wes_29.sample_CH00829	LOW	12875
wes_29.sample_CH00833	HIGH	603
wes_29.sample_CH00833	MODERATE	11155
wes_29.sample_CH00833	MODIFIER	12661
wes_29.sample_CH00833	LOW	12680
wes_29.sample_CH00835	HIGH	630
wes_29.sample_CH00835	MODERATE	11108
wes_29.sample_CH00835	MODIFIER	12681
wes_29.sample_CH00835	LOW	12815
wes_29.sample_CH00836	HIGH	627
wes_29.sample_CH00836	MODERATE	11245
wes_29.sample_CH00836	MODIFIER	12642
wes_29.sample_CH00836	LOW	12914
wes_29.sample_CH00839	HIGH	658
wes_29.sample_CH00839	MODERATE	11440
wes_29.sample_CH00839	MODIFIER	12712
wes_29.sample_CH00839	LOW	13044
wes_29.sample_CH00840	HIGH	602
wes_29.sample_CH00840	MODERATE	10999
wes_29.sample_CH00840	MODIFIER	12242
wes_29.sample_CH00840	LOW	12599
wes_31.sample_CH00447	HIGH	581
wes_31.sample_CH00447	MODERATE	11021
wes_31.sample_CH00447	MODIFIER	12083
wes_31.sample_CH00447	LOW	12527
wes_31.sample_CH00449	HIGH	610
wes_31.sample_CH00449	MODERATE	11109
wes_31.sample_CH00449	MODIFIER	12332
wes_31.sample_CH00449	LOW	12602
wes_31.sample_CH00490	HIGH	629
wes_31.sample_CH00490	MODERATE	11066
wes_31.sample_CH00490	MODIFIER	12126
wes_31.sample_CH00490	LOW	12656
wes_31.sample_CH00505	HIGH	618
wes_31.sample_CH00505	MODERATE	11011
wes_31.sample_CH00505	MODIFIER	12453
wes_31.sample_CH00505	LOW	12730
wes_31.sample_CH00825	HIGH	598
wes_31.sample_CH00825	MODERATE	11068
wes_31.sample_CH00825	MODIFIER	12362
wes_31.sample_CH00825	LOW	12756
wes_31.sample_CH00826	HIGH	602
wes_31.sample_CH00826	MODERATE	11016
wes_31.sample_CH00826	MODIFIER	12354
wes_31.sample_CH00826	LOW	12619
wes_31.sample_CH00830	HIGH	629
wes_31.sample_CH00830	MODERATE	11040
wes_31.sample_CH00830	MODIFIER	12264
wes_31.sample_CH00830	LOW	12504
wes_31.sample_CH00831	HIGH	623
wes_31.sample_CH00831	MODERATE	11093
wes_31.sample_CH00831	MODIFIER	12201
wes_31.sample_CH00831	LOW	12739
wes_31.sample_CH00832	HIGH	603
wes_31.sample_CH00832	MODERATE	11139
wes_31.sample_CH00832	MODIFIER	12300
wes_31.sample_CH00832	LOW	12571
wes_31.sample_CH00834	HIGH	597
wes_31.sample_CH00834	MODERATE	11097
wes_31.sample_CH00834	MODIFIER	12525
wes_31.sample_CH00834	LOW	12714
wes_31.sample_CH00837	HIGH	635
wes_31.sample_CH00837	MODERATE	11002
wes_31.sample_CH00837	MODIFIER	12201
wes_31.sample_CH00837	LOW	12531
wes_31.sample_CH00838	HIGH	599
wes_31.sample_CH00838	MODERATE	10974
wes_31.sample_CH00838	MODIFIER	12064
wes_31.sample_CH00838	LOW	12563
