EXPTYPE	SAMPLE	TYPE	COUNT
wes	S1067	HIGH	570
wes	S1067	MODERATE	10883
wes	S1067	MODIFIER	8475
wes	S1067	LOW	12508
wes	S10988-281	HIGH	645
wes	S10988-281	MODERATE	11120
wes	S10988-281	MODIFIER	13890
wes	S10988-281	LOW	13753
wes	S10988-283	HIGH	617
wes	S10988-283	MODERATE	10811
wes	S10988-283	MODIFIER	13394
wes	S10988-283	LOW	13453
wes	S10988-288	HIGH	619
wes	S10988-288	MODERATE	11060
wes	S10988-288	MODIFIER	13606
wes	S10988-288	LOW	13705
wes	S10988-289	HIGH	623
wes	S10988-289	MODERATE	11040
wes	S10988-289	MODIFIER	13619
wes	S10988-289	LOW	13587
wes	S1K	HIGH	493
wes	S1K	MODERATE	8895
wes	S1K	MODIFIER	5409
wes	S1K	LOW	10189
wes	S2017CH01658BLD001A1DA1	HIGH	631
wes	S2017CH01658BLD001A1DA1	MODERATE	11104
wes	S2017CH01658BLD001A1DA1	MODIFIER	12444
wes	S2017CH01658BLD001A1DA1	LOW	12536
wes	S2017CH01666BLD001A1DA1	HIGH	638
wes	S2017CH01666BLD001A1DA1	MODERATE	11305
wes	S2017CH01666BLD001A1DA1	MODIFIER	12649
wes	S2017CH01666BLD001A1DA1	LOW	12869
wes	S2017CH01667BLD001A1DA1	HIGH	687
wes	S2017CH01667BLD001A1DA1	MODERATE	11752
wes	S2017CH01667BLD001A1DA1	MODIFIER	13095
wes	S2017CH01667BLD001A1DA1	LOW	13183
wes	S2017CH01668BLD001A1DA1	HIGH	644
wes	S2017CH01668BLD001A1DA1	MODERATE	11270
wes	S2017CH01668BLD001A1DA1	MODIFIER	12742
wes	S2017CH01668BLD001A1DA1	LOW	12791
wes	S2017CH01669BLD001A1DA1	HIGH	664
wes	S2017CH01669BLD001A1DA1	MODERATE	11438
wes	S2017CH01669BLD001A1DA1	MODIFIER	12898
wes	S2017CH01669BLD001A1DA1	LOW	12972
wes	S2017CH01671BLD001A1DA1	HIGH	617
wes	S2017CH01671BLD001A1DA1	MODERATE	11032
wes	S2017CH01671BLD001A1DA1	MODIFIER	12607
wes	S2017CH01671BLD001A1DA1	LOW	12586
wes	S2017CH01672BLD001A1DA1	HIGH	626
wes	S2017CH01672BLD001A1DA1	MODERATE	11122
wes	S2017CH01672BLD001A1DA1	MODIFIER	12398
wes	S2017CH01672BLD001A1DA1	LOW	12664
wes	S2017CH01680BLD001A1DA1	HIGH	627
wes	S2017CH01680BLD001A1DA1	MODERATE	11247
wes	S2017CH01680BLD001A1DA1	MODIFIER	12804
wes	S2017CH01680BLD001A1DA1	LOW	12716
wes	S2017CH01683BLD001A1DA1	HIGH	634
wes	S2017CH01683BLD001A1DA1	MODERATE	11466
wes	S2017CH01683BLD001A1DA1	MODIFIER	12561
wes	S2017CH01683BLD001A1DA1	LOW	12695
wes	S2017CH01687BLD001A1DA1	HIGH	608
wes	S2017CH01687BLD001A1DA1	MODERATE	11168
wes	S2017CH01687BLD001A1DA1	MODIFIER	12502
wes	S2017CH01687BLD001A1DA1	LOW	12680
wes	S2017CH01688BLD001A1DA1	HIGH	637
wes	S2017CH01688BLD001A1DA1	MODERATE	11131
wes	S2017CH01688BLD001A1DA1	MODIFIER	12582
wes	S2017CH01688BLD001A1DA1	LOW	12668
wes	S2017CH01690BLD001A1DA1	HIGH	668
wes	S2017CH01690BLD001A1DA1	MODERATE	11373
wes	S2017CH01690BLD001A1DA1	MODIFIER	12682
wes	S2017CH01690BLD001A1DA1	LOW	12857
ces	S319-TS	HIGH	131
ces	S319-TS	MODERATE	3014
ces	S319-TS	MODIFIER	985
ces	S319-TS	LOW	4331
ces	S3204	HIGH	110
ces	S3204	MODERATE	2380
ces	S3204	MODIFIER	3198
ces	S3204	LOW	3544
ces	S3205	HIGH	111
ces	S3205	MODERATE	2403
ces	S3205	MODIFIER	3190
ces	S3205	LOW	3590
wes	SA12-2	HIGH	629
wes	SA12-2	MODERATE	10967
wes	SA12-2	MODIFIER	13073
wes	SA12-2	LOW	13274
wes	SA13-2	HIGH	635
wes	SA13-2	MODERATE	11133
wes	SA13-2	MODIFIER	13632
wes	SA13-2	LOW	13644
wes	SA14-2	HIGH	596
wes	SA14-2	MODERATE	10966
wes	SA14-2	MODIFIER	12853
wes	SA14-2	LOW	13384
wes	SA2-2	HIGH	641
wes	SA2-2	MODERATE	11092
wes	SA2-2	MODIFIER	13402
wes	SA2-2	LOW	13535
wes	SA4-2	HIGH	620
wes	SA4-2	MODERATE	10935
wes	SA4-2	MODIFIER	13020
wes	SA4-2	LOW	13297
wes	SA5-2	HIGH	598
wes	SA5-2	MODERATE	11140
wes	SA5-2	MODIFIER	13362
wes	SA5-2	LOW	13557
wes	SA6-2	HIGH	665
wes	SA6-2	MODERATE	11237
wes	SA6-2	MODIFIER	13303
wes	SA6-2	LOW	13568
wes	SA7-2	HIGH	651
wes	SA7-2	MODERATE	11043
wes	SA7-2	MODIFIER	13505
wes	SA7-2	LOW	13542
wes	SAlmaz01	HIGH	605
wes	SAlmaz01	MODERATE	10375
wes	SAlmaz01	MODIFIER	34092
wes	SAlmaz01	LOW	12782
wes	SAlmaz02	HIGH	554
wes	SAlmaz02	MODERATE	10287
wes	SAlmaz02	MODIFIER	33885
wes	SAlmaz02	LOW	12707
wes	SAlmaz03	HIGH	615
wes	SAlmaz03	MODERATE	10709
wes	SAlmaz03	MODIFIER	34612
wes	SAlmaz03	LOW	12872
wes	SAlmaz04	HIGH	531
wes	SAlmaz04	MODERATE	10384
wes	SAlmaz04	MODIFIER	34203
wes	SAlmaz04	LOW	12772
wes	SAlmaz05	HIGH	529
wes	SAlmaz05	MODERATE	10217
wes	SAlmaz05	MODIFIER	33463
wes	SAlmaz05	LOW	12645
wes	SAlmaz06	HIGH	576
wes	SAlmaz06	MODERATE	10364
wes	SAlmaz06	MODIFIER	33982
wes	SAlmaz06	LOW	12637
wes	SAlmaz07	HIGH	578
wes	SAlmaz07	MODERATE	10271
wes	SAlmaz07	MODIFIER	33535
wes	SAlmaz07	LOW	12511
wes	SAlmaz08	HIGH	548
wes	SAlmaz08	MODERATE	10313
wes	SAlmaz08	MODIFIER	33564
wes	SAlmaz08	LOW	12581
wes	SAlmaz09	HIGH	584
wes	SAlmaz09	MODERATE	10458
wes	SAlmaz09	MODIFIER	34012
wes	SAlmaz09	LOW	12630
wes	SB0-0002	HIGH	625
wes	SB0-0002	MODERATE	11023
wes	SB0-0002	MODIFIER	13753
wes	SB0-0002	LOW	13746
wes	SB0-0005	HIGH	665
wes	SB0-0005	MODERATE	11386
wes	SB0-0005	MODIFIER	13824
wes	SB0-0005	LOW	13686
wes	SB00009	HIGH	390
wes	SB00009	MODERATE	7356
wes	SB00009	MODIFIER	7497
wes	SB00009	LOW	8687
wes	SB1-0002	HIGH	647
wes	SB1-0002	MODERATE	11343
wes	SB1-0002	MODIFIER	13802
wes	SB1-0002	LOW	13867
wes	SB1-0003	HIGH	679
wes	SB1-0003	MODERATE	11485
wes	SB1-0003	MODIFIER	14113
wes	SB1-0003	LOW	13787
wes	SB1-0020	HIGH	661
wes	SB1-0020	MODERATE	11107
wes	SB1-0020	MODIFIER	13888
wes	SB1-0020	LOW	13573
wes	SB1-0055	HIGH	646
wes	SB1-0055	MODERATE	11371
wes	SB1-0055	MODIFIER	13830
wes	SB1-0055	LOW	13860
wes	SB1-0089	HIGH	652
wes	SB1-0089	MODERATE	11235
wes	SB1-0089	MODIFIER	14001
wes	SB1-0089	LOW	13924
wes	SB1-0327	HIGH	681
wes	SB1-0327	MODERATE	11463
wes	SB1-0327	MODIFIER	13794
wes	SB1-0327	LOW	13880
wes	SB10001	HIGH	662
wes	SB10001	MODERATE	11163
wes	SB10001	MODIFIER	13748
wes	SB10001	LOW	13637
wes	SB10050	HIGH	641
wes	SB10050	MODERATE	11024
wes	SB10050	MODIFIER	13821
wes	SB10050	LOW	13364
wes	SB10079	HIGH	650
wes	SB10079	MODERATE	10980
wes	SB10079	MODIFIER	13703
wes	SB10079	LOW	13450
wes	SB10083	HIGH	639
wes	SB10083	MODERATE	11206
wes	SB10083	MODIFIER	13797
wes	SB10083	LOW	13803
wes	SB10087	HIGH	669
wes	SB10087	MODERATE	11355
wes	SB10087	MODIFIER	13760
wes	SB10087	LOW	13720
wes	SB10095	HIGH	696
wes	SB10095	MODERATE	11218
wes	SB10095	MODIFIER	13916
wes	SB10095	LOW	13652
wes	SB10117	HIGH	382
wes	SB10117	MODERATE	6814
wes	SB10117	MODIFIER	6902
wes	SB10117	LOW	8095
wes	SB4-0003	HIGH	633
wes	SB4-0003	MODERATE	11319
wes	SB4-0003	MODIFIER	14048
wes	SB4-0003	LOW	13791
wes	SB4-0004	HIGH	643
wes	SB4-0004	MODERATE	11214
wes	SB4-0004	MODIFIER	13892
wes	SB4-0004	LOW	13597
wes	SB4-0008	HIGH	656
wes	SB4-0008	MODERATE	11151
wes	SB4-0008	MODIFIER	13614
wes	SB4-0008	LOW	13620
wes	SB4-0022	HIGH	677
wes	SB4-0022	MODERATE	11107
wes	SB4-0022	MODIFIER	14028
wes	SB4-0022	LOW	13647
wes	SB4-0032	HIGH	671
wes	SB4-0032	MODERATE	11243
wes	SB4-0032	MODIFIER	13887
wes	SB4-0032	LOW	13671
wes	SB4-0040	HIGH	670
wes	SB4-0040	MODERATE	11248
wes	SB4-0040	MODIFIER	13995
wes	SB4-0040	LOW	13776
wes	SB40014	HIGH	651
wes	SB40014	MODERATE	11430
wes	SB40014	MODIFIER	13953
wes	SB40014	LOW	13877
wes	SB40027	HIGH	658
wes	SB40027	MODERATE	11219
wes	SB40027	MODIFIER	13787
wes	SB40027	LOW	13752
wes	SB40038	HIGH	665
wes	SB40038	MODERATE	11332
wes	SB40038	MODIFIER	13740
wes	SB40038	LOW	13724
wes	SB40039	HIGH	438
wes	SB40039	MODERATE	8227
wes	SB40039	MODIFIER	8695
wes	SB40039	LOW	9785
wes	SB4006	HIGH	629
wes	SB4006	MODERATE	10991
wes	SB4006	MODIFIER	13864
wes	SB4006	LOW	13630
wes	SBR045	HIGH	608
wes	SBR045	MODERATE	10736
wes	SBR045	MODIFIER	11499
wes	SBR045	LOW	12190
wes	SBR045n	HIGH	617
wes	SBR045n	MODERATE	11143
wes	SBR045n	MODIFIER	12388
wes	SBR045n	LOW	12855
wes	SBR117	HIGH	623
wes	SBR117	MODERATE	10512
wes	SBR117	MODIFIER	12554
wes	SBR117	LOW	12921
wes	SBR124	HIGH	610
wes	SBR124	MODERATE	11177
wes	SBR124	MODIFIER	13678
wes	SBR124	LOW	13751
wes	SBR125	HIGH	652
wes	SBR125	MODERATE	11329
wes	SBR125	MODIFIER	14169
wes	SBR125	LOW	13880
wes	SBR126	HIGH	653
wes	SBR126	MODERATE	11093
wes	SBR126	MODIFIER	13865
wes	SBR126	LOW	13630
wes	SBR127	HIGH	698
wes	SBR127	MODERATE	11141
wes	SBR127	MODIFIER	13769
wes	SBR127	LOW	13579
wes	SBR128	HIGH	642
wes	SBR128	MODERATE	11043
wes	SBR128	MODIFIER	13751
wes	SBR128	LOW	13558
wes	SBR129	HIGH	633
wes	SBR129	MODERATE	10803
wes	SBR129	MODIFIER	13734
wes	SBR129	LOW	13366
wes	SBR130	HIGH	654
wes	SBR130	MODERATE	11228
wes	SBR130	MODIFIER	13870
wes	SBR130	LOW	13725
wes	SBR133	HIGH	620
wes	SBR133	MODERATE	11011
wes	SBR133	MODIFIER	13401
wes	SBR133	LOW	13488
wes	SBR134	HIGH	681
wes	SBR134	MODERATE	11248
wes	SBR134	MODIFIER	13772
wes	SBR134	LOW	13740
wes	SBR135	HIGH	597
wes	SBR135	MODERATE	10959
wes	SBR135	MODIFIER	13543
wes	SBR135	LOW	13539
wes	SBR136	HIGH	577
wes	SBR136	MODERATE	10473
wes	SBR136	MODIFIER	12372
wes	SBR136	LOW	12673
wes	SBR137	HIGH	622
wes	SBR137	MODERATE	11153
wes	SBR137	MODIFIER	13262
wes	SBR137	LOW	13488
wes	SBR138	HIGH	573
wes	SBR138	MODERATE	10578
wes	SBR138	MODIFIER	12408
wes	SBR138	LOW	12869
wes	SBR139	HIGH	630
wes	SBR139	MODERATE	11006
wes	SBR139	MODIFIER	13545
wes	SBR139	LOW	13491
wes	SBR140	HIGH	648
wes	SBR140	MODERATE	11238
wes	SBR140	MODIFIER	14055
wes	SBR140	LOW	13783
wes	SBR141	HIGH	614
wes	SBR141	MODERATE	11012
wes	SBR141	MODIFIER	13381
wes	SBR141	LOW	13536
wes	SBR142	HIGH	663
wes	SBR142	MODERATE	11007
wes	SBR142	MODIFIER	13512
wes	SBR142	LOW	13559
wes	SBR143	HIGH	629
wes	SBR143	MODERATE	11289
wes	SBR143	MODIFIER	13578
wes	SBR143	LOW	13679
wes	SBR146	HIGH	632
wes	SBR146	MODERATE	11004
wes	SBR146	MODIFIER	13454
wes	SBR146	LOW	13649
wes	SBR147	HIGH	664
wes	SBR147	MODERATE	11475
wes	SBR147	MODIFIER	13698
wes	SBR147	LOW	13718
wes	SBR148	HIGH	624
wes	SBR148	MODERATE	10958
wes	SBR148	MODIFIER	13143
wes	SBR148	LOW	13370
wes	SBR150	HIGH	605
wes	SBR150	MODERATE	10966
wes	SBR150	MODIFIER	13587
wes	SBR150	LOW	13520
wes	SBR155	HIGH	607
wes	SBR155	MODERATE	10918
wes	SBR155	MODIFIER	13232
wes	SBR155	LOW	13374
wes	SBR157	HIGH	579
wes	SBR157	MODERATE	10780
wes	SBR157	MODIFIER	12667
wes	SBR157	LOW	13062
wes	SBR158	HIGH	646
wes	SBR158	MODERATE	11115
wes	SBR158	MODIFIER	13615
wes	SBR158	LOW	13457
wes	SBR159	HIGH	633
wes	SBR159	MODERATE	11167
wes	SBR159	MODIFIER	13592
wes	SBR159	LOW	13727
wes	SBR160	HIGH	661
wes	SBR160	MODERATE	11260
wes	SBR160	MODIFIER	13139
wes	SBR160	LOW	13548
wes	SBR161	HIGH	657
wes	SBR161	MODERATE	11229
wes	SBR161	MODIFIER	13714
wes	SBR161	LOW	13700
wes	SBR162	HIGH	592
wes	SBR162	MODERATE	10737
wes	SBR162	MODIFIER	13105
wes	SBR162	LOW	13217
wes	SBR165	HIGH	622
wes	SBR165	MODERATE	11161
wes	SBR165	MODIFIER	13134
wes	SBR165	LOW	13465
wes	SBR169	HIGH	650
wes	SBR169	MODERATE	11292
wes	SBR169	MODIFIER	13736
wes	SBR169	LOW	13895
wes	SBR170	HIGH	641
wes	SBR170	MODERATE	11105
wes	SBR170	MODIFIER	13867
wes	SBR170	LOW	13631
wes	SBR175	HIGH	643
wes	SBR175	MODERATE	10975
wes	SBR175	MODIFIER	13660
wes	SBR175	LOW	13567
wes	SBR176	HIGH	658
wes	SBR176	MODERATE	11085
wes	SBR176	MODIFIER	13866
wes	SBR176	LOW	13800
wes	SBR177	HIGH	661
wes	SBR177	MODERATE	11093
wes	SBR177	MODIFIER	13675
wes	SBR177	LOW	13623
wes	SBR180	HIGH	619
wes	SBR180	MODERATE	11096
wes	SBR180	MODIFIER	13931
wes	SBR180	LOW	13623
wes	SBR181	HIGH	628
wes	SBR181	MODERATE	11094
wes	SBR181	MODIFIER	13688
wes	SBR181	LOW	13742
wes	SBR183	HIGH	608
wes	SBR183	MODERATE	11164
wes	SBR183	MODIFIER	13686
wes	SBR183	LOW	13700
wes	SBR184	HIGH	596
wes	SBR184	MODERATE	11105
wes	SBR184	MODIFIER	12270
wes	SBR184	LOW	12531
wes	SBR185	HIGH	589
wes	SBR185	MODERATE	11044
wes	SBR185	MODIFIER	12227
wes	SBR185	LOW	12662
wes	SBR186	HIGH	589
wes	SBR186	MODERATE	10988
wes	SBR186	MODIFIER	12251
wes	SBR186	LOW	12486
wes	SBR188	HIGH	603
wes	SBR188	MODERATE	10749
wes	SBR188	MODIFIER	11946
wes	SBR188	LOW	12442
wes	SBR190	HIGH	630
wes	SBR190	MODERATE	10921
wes	SBR190	MODIFIER	13485
wes	SBR190	LOW	13572
wes	SBR191	HIGH	625
wes	SBR191	MODERATE	11100
wes	SBR191	MODIFIER	13513
wes	SBR191	LOW	13783
wes	SBR193	HIGH	647
wes	SBR193	MODERATE	11293
wes	SBR193	MODIFIER	13619
wes	SBR193	LOW	13670
wes	SBR197	HIGH	612
wes	SBR197	MODERATE	11128
wes	SBR197	MODIFIER	13623
wes	SBR197	LOW	13665
wes	SBR198	HIGH	622
wes	SBR198	MODERATE	10949
wes	SBR198	MODIFIER	13569
wes	SBR198	LOW	13703
wes	SBR200	HIGH	649
wes	SBR200	MODERATE	11258
wes	SBR200	MODIFIER	13652
wes	SBR200	LOW	13612
ces	SBR203	HIGH	99
ces	SBR203	MODERATE	2509
ces	SBR203	MODIFIER	696
ces	SBR203	LOW	3691
wes	SBR204	HIGH	656
wes	SBR204	MODERATE	11128
wes	SBR204	MODIFIER	13601
wes	SBR204	LOW	13524
wes	SBR205	HIGH	641
wes	SBR205	MODERATE	11035
wes	SBR205	MODIFIER	13790
wes	SBR205	LOW	13449
wes	SBR206	HIGH	642
wes	SBR206	MODERATE	11182
wes	SBR206	MODIFIER	13537
wes	SBR206	LOW	13565
wes	SBR207	HIGH	634
wes	SBR207	MODERATE	11141
wes	SBR207	MODIFIER	13698
wes	SBR207	LOW	13634
wes	SBR208	HIGH	644
wes	SBR208	MODERATE	11121
wes	SBR208	MODIFIER	13378
wes	SBR208	LOW	13708
wes	SBR209	HIGH	644
wes	SBR209	MODERATE	11148
wes	SBR209	MODIFIER	13601
wes	SBR209	LOW	13627
wes	SBR210	HIGH	640
wes	SBR210	MODERATE	11117
wes	SBR210	MODIFIER	13699
wes	SBR210	LOW	13567
wes	SBR214	HIGH	686
wes	SBR214	MODERATE	11284
wes	SBR214	MODIFIER	14210
wes	SBR214	LOW	13802
wes	SBR217	HIGH	597
wes	SBR217	MODERATE	10999
wes	SBR217	MODIFIER	13308
wes	SBR217	LOW	13384
wes	SBR218	HIGH	574
wes	SBR218	MODERATE	10907
wes	SBR218	MODIFIER	13313
wes	SBR218	LOW	13318
wes	SBR219	HIGH	628
wes	SBR219	MODERATE	11038
wes	SBR219	MODIFIER	13522
wes	SBR219	LOW	13481
wes	SBR220	HIGH	659
wes	SBR220	MODERATE	11288
wes	SBR220	MODIFIER	13581
wes	SBR220	LOW	13643
wes	SBR221	HIGH	597
wes	SBR221	MODERATE	10950
wes	SBR221	MODIFIER	13739
wes	SBR221	LOW	13417
wes	SBR222	HIGH	655
wes	SBR222	MODERATE	11039
wes	SBR222	MODIFIER	13653
wes	SBR222	LOW	13750
wes	SBR223	HIGH	615
wes	SBR223	MODERATE	11007
wes	SBR223	MODIFIER	13666
wes	SBR223	LOW	13524
wes	SBR224	HIGH	638
wes	SBR224	MODERATE	11108
wes	SBR224	MODIFIER	13473
wes	SBR224	LOW	13545
wes	SBR225	HIGH	651
wes	SBR225	MODERATE	11172
wes	SBR225	MODIFIER	13684
wes	SBR225	LOW	13618
wes	SBR227	HIGH	629
wes	SBR227	MODERATE	11204
wes	SBR227	MODIFIER	13633
wes	SBR227	LOW	13594
wes	SBR228X	HIGH	650
wes	SBR228X	MODERATE	11128
wes	SBR228X	MODIFIER	13764
wes	SBR228X	LOW	13653
wes	SBR229	HIGH	661
wes	SBR229	MODERATE	11222
wes	SBR229	MODIFIER	13894
wes	SBR229	LOW	13752
wes	SBR230	HIGH	653
wes	SBR230	MODERATE	10966
wes	SBR230	MODIFIER	13553
wes	SBR230	LOW	13580
wes	SBR233	HIGH	629
wes	SBR233	MODERATE	11072
wes	SBR233	MODIFIER	13421
wes	SBR233	LOW	13630
wes	SBR237	HIGH	592
wes	SBR237	MODERATE	11080
wes	SBR237	MODIFIER	12446
wes	SBR237	LOW	12682
wes	SBR238	HIGH	587
wes	SBR238	MODERATE	11295
wes	SBR238	MODIFIER	12419
wes	SBR238	LOW	12909
wes	SBR239	HIGH	644
wes	SBR239	MODERATE	11109
wes	SBR239	MODIFIER	13527
wes	SBR239	LOW	13586
wes	SBR240	HIGH	576
wes	SBR240	MODERATE	10978
wes	SBR240	MODIFIER	13534
wes	SBR240	LOW	13460
wes	SBR241	HIGH	626
wes	SBR241	MODERATE	10991
wes	SBR241	MODIFIER	13451
wes	SBR241	LOW	13598
wes	SBR242	HIGH	647
wes	SBR242	MODERATE	11145
wes	SBR242	MODIFIER	13612
wes	SBR242	LOW	13596
wes	SBR243	HIGH	605
wes	SBR243	MODERATE	10793
wes	SBR243	MODIFIER	13515
wes	SBR243	LOW	13440
wes	SBR244	HIGH	630
wes	SBR244	MODERATE	11260
wes	SBR244	MODIFIER	13724
wes	SBR244	LOW	13768
wes	SBR245	HIGH	636
wes	SBR245	MODERATE	10957
wes	SBR245	MODIFIER	13558
wes	SBR245	LOW	13657
wes	SBR246	HIGH	615
wes	SBR246	MODERATE	10949
wes	SBR246	MODIFIER	13398
wes	SBR246	LOW	13445
wes	SBR247	HIGH	625
wes	SBR247	MODERATE	11043
wes	SBR247	MODIFIER	13684
wes	SBR247	LOW	13487
wes	SBR248	HIGH	638
wes	SBR248	MODERATE	11059
wes	SBR248	MODIFIER	13789
wes	SBR248	LOW	13795
wes	SBR250	HIGH	636
wes	SBR250	MODERATE	11509
wes	SBR250	MODIFIER	12991
wes	SBR250	LOW	13014
wes	SBR251	HIGH	621
wes	SBR251	MODERATE	11150
wes	SBR251	MODIFIER	12431
wes	SBR251	LOW	12677
wes	SBR252	HIGH	631
wes	SBR252	MODERATE	10996
wes	SBR252	MODIFIER	12434
wes	SBR252	LOW	12440
wes	SBR253	HIGH	576
wes	SBR253	MODERATE	11039
wes	SBR253	MODIFIER	12631
wes	SBR253	LOW	12800
wes	SBR254	HIGH	587
wes	SBR254	MODERATE	11420
wes	SBR254	MODIFIER	12930
wes	SBR254	LOW	13009
wes	SBR255	HIGH	626
wes	SBR255	MODERATE	11281
wes	SBR255	MODIFIER	12755
wes	SBR255	LOW	12889
wes	SBR257	HIGH	629
wes	SBR257	MODERATE	11459
wes	SBR257	MODIFIER	12699
wes	SBR257	LOW	12874
wes	SBR259	HIGH	581
wes	SBR259	MODERATE	11117
wes	SBR259	MODIFIER	12473
wes	SBR259	LOW	12592
wes	SBR260	HIGH	619
wes	SBR260	MODERATE	11235
wes	SBR260	MODIFIER	12438
wes	SBR260	LOW	12753
wes	SBR264	HIGH	624
wes	SBR264	MODERATE	10996
wes	SBR264	MODIFIER	12207
wes	SBR264	LOW	12691
wes	SBR270	HIGH	645
wes	SBR270	MODERATE	11272
wes	SBR270	MODIFIER	12816
wes	SBR270	LOW	12759
wes	SBR271	HIGH	618
wes	SBR271	MODERATE	11178
wes	SBR271	MODIFIER	13798
wes	SBR271	LOW	13842
wes	SBR272	HIGH	639
wes	SBR272	MODERATE	11128
wes	SBR272	MODIFIER	13546
wes	SBR272	LOW	13571
wes	SBR273	HIGH	681
wes	SBR273	MODERATE	11100
wes	SBR273	MODIFIER	13580
wes	SBR273	LOW	13807
wes	SBR275	HIGH	640
wes	SBR275	MODERATE	11193
wes	SBR275	MODIFIER	13866
wes	SBR275	LOW	13763
wes	SBR276	HIGH	653
wes	SBR276	MODERATE	11153
wes	SBR276	MODIFIER	13884
wes	SBR276	LOW	13604
wes	SBR277	HIGH	604
wes	SBR277	MODERATE	11169
wes	SBR277	MODIFIER	13789
wes	SBR277	LOW	13672
wes	SBR278	HIGH	616
wes	SBR278	MODERATE	10766
wes	SBR278	MODIFIER	13390
wes	SBR278	LOW	13439
wes	SBR279	HIGH	620
wes	SBR279	MODERATE	11109
wes	SBR279	MODIFIER	13684
wes	SBR279	LOW	13609
wes	SBR280	HIGH	656
wes	SBR280	MODERATE	11091
wes	SBR280	MODIFIER	13774
wes	SBR280	LOW	13554
wes	SBR282	HIGH	635
wes	SBR282	MODERATE	11166
wes	SBR282	MODIFIER	13829
wes	SBR282	LOW	13731
wes	SBR284	HIGH	645
wes	SBR284	MODERATE	11173
wes	SBR284	MODIFIER	13783
wes	SBR284	LOW	13741
wes	SBR285	HIGH	620
wes	SBR285	MODERATE	11333
wes	SBR285	MODIFIER	13840
wes	SBR285	LOW	13927
wes	SBR286	HIGH	640
wes	SBR286	MODERATE	11082
wes	SBR286	MODIFIER	13667
wes	SBR286	LOW	13604
wes	SBR287	HIGH	642
wes	SBR287	MODERATE	11160
wes	SBR287	MODIFIER	13628
wes	SBR287	LOW	13792
ces	SCH00404	HIGH	139
ces	SCH00404	MODERATE	3051
ces	SCH00404	MODIFIER	944
ces	SCH00404	LOW	4384
ces	SCH00405	HIGH	122
ces	SCH00405	MODERATE	2911
ces	SCH00405	MODIFIER	942
ces	SCH00405	LOW	4205
ces	SCH00406	HIGH	146
ces	SCH00406	MODERATE	3086
ces	SCH00406	MODIFIER	966
ces	SCH00406	LOW	4407
wes	SCH00408	HIGH	691
wes	SCH00408	MODERATE	11549
wes	SCH00408	MODIFIER	13018
wes	SCH00408	LOW	13011
wes	SCH00409	HIGH	647
wes	SCH00409	MODERATE	11246
wes	SCH00409	MODIFIER	12972
wes	SCH00409	LOW	12856
wes	SCH00410	HIGH	582
wes	SCH00410	MODERATE	11261
wes	SCH00410	MODIFIER	12791
wes	SCH00410	LOW	12741
wes	SCH00411	HIGH	671
wes	SCH00411	MODERATE	11390
wes	SCH00411	MODIFIER	12704
wes	SCH00411	LOW	12909
wes	SCH00412	HIGH	658
wes	SCH00412	MODERATE	11429
wes	SCH00412	MODIFIER	12924
wes	SCH00412	LOW	12847
wes	SCH00413	HIGH	625
wes	SCH00413	MODERATE	11372
wes	SCH00413	MODIFIER	12823
wes	SCH00413	LOW	12814
wes	SCH00417	HIGH	614
wes	SCH00417	MODERATE	11166
wes	SCH00417	MODIFIER	12602
wes	SCH00417	LOW	12851
wes	SCH00418	HIGH	655
wes	SCH00418	MODERATE	11028
wes	SCH00418	MODIFIER	12593
wes	SCH00418	LOW	12650
wes	SCH00419	HIGH	663
wes	SCH00419	MODERATE	11292
wes	SCH00419	MODIFIER	12671
wes	SCH00419	LOW	12787
wes	SCH00420	HIGH	640
wes	SCH00420	MODERATE	11177
wes	SCH00420	MODIFIER	12597
wes	SCH00420	LOW	12770
wes	SCH00421	HIGH	574
wes	SCH00421	MODERATE	11236
wes	SCH00421	MODIFIER	12475
wes	SCH00421	LOW	12650
wes	SCH00422	HIGH	579
wes	SCH00422	MODERATE	11208
wes	SCH00422	MODIFIER	12504
wes	SCH00422	LOW	12815
wes	SCH00423	HIGH	597
wes	SCH00423	MODERATE	11075
wes	SCH00423	MODIFIER	12342
wes	SCH00423	LOW	12873
wes	SCH00424	HIGH	631
wes	SCH00424	MODERATE	11344
wes	SCH00424	MODIFIER	12761
wes	SCH00424	LOW	12662
ces	SCH00425	HIGH	137
ces	SCH00425	MODERATE	3055
ces	SCH00425	MODIFIER	892
ces	SCH00425	LOW	4363
wes	SCH00426	HIGH	587
wes	SCH00426	MODERATE	11106
wes	SCH00426	MODIFIER	12409
wes	SCH00426	LOW	12703
wes	SCH00427	HIGH	662
wes	SCH00427	MODERATE	11138
wes	SCH00427	MODIFIER	13748
wes	SCH00427	LOW	13597
wes	SCH00428	HIGH	602
wes	SCH00428	MODERATE	10955
wes	SCH00428	MODIFIER	13515
wes	SCH00428	LOW	13511
wes	SCH00429	HIGH	627
wes	SCH00429	MODERATE	11012
wes	SCH00429	MODIFIER	13684
wes	SCH00429	LOW	13587
wes	SCH00430	HIGH	605
wes	SCH00430	MODERATE	11137
wes	SCH00430	MODIFIER	13644
wes	SCH00430	LOW	13674
wes	SCH00431	HIGH	605
wes	SCH00431	MODERATE	11016
wes	SCH00431	MODIFIER	13612
wes	SCH00431	LOW	13749
wes	SCH00432	HIGH	608
wes	SCH00432	MODERATE	10861
wes	SCH00432	MODIFIER	13334
wes	SCH00432	LOW	13409
wes	SCH00433	HIGH	587
wes	SCH00433	MODERATE	11271
wes	SCH00433	MODIFIER	12643
wes	SCH00433	LOW	12780
wes	SCH00434	HIGH	638
wes	SCH00434	MODERATE	11461
wes	SCH00434	MODIFIER	12594
wes	SCH00434	LOW	12816
wes	SCH00437	HIGH	622
wes	SCH00437	MODERATE	11238
wes	SCH00437	MODIFIER	12513
wes	SCH00437	LOW	12662
wes	SCH00438	HIGH	616
wes	SCH00438	MODERATE	11260
wes	SCH00438	MODIFIER	12406
wes	SCH00438	LOW	12770
wes	SCH00439	HIGH	624
wes	SCH00439	MODERATE	11037
wes	SCH00439	MODIFIER	12461
wes	SCH00439	LOW	12733
ces	SCH00442	HIGH	138
ces	SCH00442	MODERATE	3051
ces	SCH00442	MODIFIER	938
ces	SCH00442	LOW	4430
ces	SCH00456	HIGH	132
ces	SCH00456	MODERATE	3008
ces	SCH00456	MODIFIER	937
ces	SCH00456	LOW	4372
ces	SCH00511	HIGH	132
ces	SCH00511	MODERATE	3078
ces	SCH00511	MODIFIER	940
ces	SCH00511	LOW	4472
wes	SCH00660	HIGH	566
wes	SCH00660	MODERATE	10710
wes	SCH00660	MODIFIER	11798
wes	SCH00660	LOW	12352
wes	SCH01659	HIGH	573
wes	SCH01659	MODERATE	10665
wes	SCH01659	MODIFIER	11637
wes	SCH01659	LOW	12153
wes	SCH01670	HIGH	573
wes	SCH01670	MODERATE	10765
wes	SCH01670	MODIFIER	11816
wes	SCH01670	LOW	12364
wes	SCH01675	HIGH	552
wes	SCH01675	MODERATE	10453
wes	SCH01675	MODIFIER	11178
wes	SCH01675	LOW	11772
wes	SCH01678	HIGH	567
wes	SCH01678	MODERATE	10714
wes	SCH01678	MODIFIER	11863
wes	SCH01678	LOW	12313
wes	SCH01686	HIGH	560
wes	SCH01686	MODERATE	10797
wes	SCH01686	MODIFIER	12090
wes	SCH01686	LOW	12480
wes	SCH01689	HIGH	569
wes	SCH01689	MODERATE	10724
wes	SCH01689	MODIFIER	11815
wes	SCH01689	LOW	12111
wes	SCH01691	HIGH	606
wes	SCH01691	MODERATE	10810
wes	SCH01691	MODIFIER	12072
wes	SCH01691	LOW	12442
wes	SCH01692	HIGH	594
wes	SCH01692	MODERATE	10713
wes	SCH01692	MODIFIER	11642
wes	SCH01692	LOW	12247
wes	SCH01693	HIGH	540
wes	SCH01693	MODERATE	10600
wes	SCH01693	MODIFIER	11388
wes	SCH01693	LOW	12060
wes	SCH01694	HIGH	590
wes	SCH01694	MODERATE	10638
wes	SCH01694	MODIFIER	11610
wes	SCH01694	LOW	12199
ces	SCH01695	HIGH	141
ces	SCH01695	MODERATE	3052
ces	SCH01695	MODIFIER	975
ces	SCH01695	LOW	4392
ces	SCH01696	HIGH	141
ces	SCH01696	MODERATE	2998
ces	SCH01696	MODIFIER	945
ces	SCH01696	LOW	4378
ces	SCH01697	HIGH	146
ces	SCH01697	MODERATE	3109
ces	SCH01697	MODIFIER	975
ces	SCH01697	LOW	4453
ces	SCH01698	HIGH	147
ces	SCH01698	MODERATE	3059
ces	SCH01698	MODIFIER	991
ces	SCH01698	LOW	4449
ces	SCH01699	HIGH	158
ces	SCH01699	MODERATE	3080
ces	SCH01699	MODIFIER	928
ces	SCH01699	LOW	4497
wes	SCH01826	HIGH	577
wes	SCH01826	MODERATE	10794
wes	SCH01826	MODIFIER	12069
wes	SCH01826	LOW	12478
wes	SCH01827	HIGH	641
wes	SCH01827	MODERATE	11563
wes	SCH01827	MODIFIER	12762
wes	SCH01827	LOW	13025
wes	SCH01828	HIGH	634
wes	SCH01828	MODERATE	11403
wes	SCH01828	MODIFIER	12971
wes	SCH01828	LOW	12871
wes	SCH01830	HIGH	654
wes	SCH01830	MODERATE	11214
wes	SCH01830	MODIFIER	12640
wes	SCH01830	LOW	12725
wes	SCH01831	HIGH	651
wes	SCH01831	MODERATE	11421
wes	SCH01831	MODIFIER	12530
wes	SCH01831	LOW	12838
wes	SCH01832	HIGH	605
wes	SCH01832	MODERATE	11237
wes	SCH01832	MODIFIER	12733
wes	SCH01832	LOW	12728
wes	SCH01833	HIGH	602
wes	SCH01833	MODERATE	11063
wes	SCH01833	MODIFIER	12596
wes	SCH01833	LOW	12724
wes	SCH01834	HIGH	677
wes	SCH01834	MODERATE	11261
wes	SCH01834	MODIFIER	12637
wes	SCH01834	LOW	12952
wes	SCH01835	HIGH	589
wes	SCH01835	MODERATE	11412
wes	SCH01835	MODIFIER	12939
wes	SCH01835	LOW	13104
wes	SCH01836	HIGH	626
wes	SCH01836	MODERATE	11465
wes	SCH01836	MODIFIER	12951
wes	SCH01836	LOW	13081
wes	SCH01837	HIGH	632
wes	SCH01837	MODERATE	11130
wes	SCH01837	MODIFIER	12375
wes	SCH01837	LOW	12626
wes	SCH01838	HIGH	632
wes	SCH01838	MODERATE	11241
wes	SCH01838	MODIFIER	12555
wes	SCH01838	LOW	12829
wes	SCH01839	HIGH	627
wes	SCH01839	MODERATE	11177
wes	SCH01839	MODIFIER	12531
wes	SCH01839	LOW	12760
wes	SCH01840	HIGH	629
wes	SCH01840	MODERATE	11258
wes	SCH01840	MODIFIER	12409
wes	SCH01840	LOW	12719
wes	SCH01841	HIGH	643
wes	SCH01841	MODERATE	11387
wes	SCH01841	MODIFIER	12546
wes	SCH01841	LOW	12759
wes	SCH01842	HIGH	585
wes	SCH01842	MODERATE	11165
wes	SCH01842	MODIFIER	12355
wes	SCH01842	LOW	12652
wes	SCH01843	HIGH	635
wes	SCH01843	MODERATE	11367
wes	SCH01843	MODIFIER	12835
wes	SCH01843	LOW	12883
wes	SCH01844	HIGH	587
wes	SCH01844	MODERATE	11201
wes	SCH01844	MODIFIER	12516
wes	SCH01844	LOW	12606
wes	SCH01845	HIGH	592
wes	SCH01845	MODERATE	10997
wes	SCH01845	MODIFIER	12365
wes	SCH01845	LOW	12497
wes	SCH01846	HIGH	623
wes	SCH01846	MODERATE	10972
wes	SCH01846	MODIFIER	12439
wes	SCH01846	LOW	12634
wes	SCH01847	HIGH	602
wes	SCH01847	MODERATE	11330
wes	SCH01847	MODIFIER	12404
wes	SCH01847	LOW	12655
wes	SCH01848	HIGH	652
wes	SCH01848	MODERATE	11350
wes	SCH01848	MODIFIER	12428
wes	SCH01848	LOW	12864
wes	SCH01849	HIGH	620
wes	SCH01849	MODERATE	11199
wes	SCH01849	MODIFIER	12520
wes	SCH01849	LOW	12619
wes	SCH01850	HIGH	584
wes	SCH01850	MODERATE	11035
wes	SCH01850	MODIFIER	12062
wes	SCH01850	LOW	12440
wes	SCH01851	HIGH	628
wes	SCH01851	MODERATE	11352
wes	SCH01851	MODIFIER	12582
wes	SCH01851	LOW	12693
wes	SCH01852	HIGH	589
wes	SCH01852	MODERATE	11063
wes	SCH01852	MODIFIER	12431
wes	SCH01852	LOW	12615
wes	SCH01853	HIGH	645
wes	SCH01853	MODERATE	11358
wes	SCH01853	MODIFIER	12977
wes	SCH01853	LOW	12982
wes	SCH01854	HIGH	659
wes	SCH01854	MODERATE	11430
wes	SCH01854	MODIFIER	12872
wes	SCH01854	LOW	13044
wes	SCH01855	HIGH	647
wes	SCH01855	MODERATE	11578
wes	SCH01855	MODIFIER	13084
wes	SCH01855	LOW	13188
wes	SCH01859	HIGH	648
wes	SCH01859	MODERATE	11284
wes	SCH01859	MODIFIER	12761
wes	SCH01859	LOW	12765
wes	SCH01860	HIGH	630
wes	SCH01860	MODERATE	11282
wes	SCH01860	MODIFIER	12773
wes	SCH01860	LOW	13016
wes	SCH01861	HIGH	629
wes	SCH01861	MODERATE	11203
wes	SCH01861	MODIFIER	12697
wes	SCH01861	LOW	12959
wes	SCH01893	HIGH	629
wes	SCH01893	MODERATE	11286
wes	SCH01893	MODIFIER	12854
wes	SCH01893	LOW	12885
wes	SCH01894	HIGH	627
wes	SCH01894	MODERATE	11286
wes	SCH01894	MODIFIER	12872
wes	SCH01894	LOW	12866
wes	SCH01895	HIGH	632
wes	SCH01895	MODERATE	11206
wes	SCH01895	MODIFIER	12871
wes	SCH01895	LOW	12905
wes	SCH01896	HIGH	639
wes	SCH01896	MODERATE	11377
wes	SCH01896	MODIFIER	12934
wes	SCH01896	LOW	12969
wes	SCH01897	HIGH	626
wes	SCH01897	MODERATE	11104
wes	SCH01897	MODIFIER	12826
wes	SCH01897	LOW	12842
wes	SCH01944	HIGH	587
wes	SCH01944	MODERATE	10776
wes	SCH01944	MODIFIER	11977
wes	SCH01944	LOW	12182
wes	SCH01945	HIGH	608
wes	SCH01945	MODERATE	11229
wes	SCH01945	MODIFIER	12794
wes	SCH01945	LOW	12930
wes	SCH01965	HIGH	611
wes	SCH01965	MODERATE	11207
wes	SCH01965	MODIFIER	12695
wes	SCH01965	LOW	12913
wes	SCH01966	HIGH	587
wes	SCH01966	MODERATE	11168
wes	SCH01966	MODIFIER	12064
wes	SCH01966	LOW	12571
wes	SCH01967	HIGH	576
wes	SCH01967	MODERATE	10818
wes	SCH01967	MODIFIER	11992
wes	SCH01967	LOW	12209
wes	SCH01968	HIGH	613
wes	SCH01968	MODERATE	11260
wes	SCH01968	MODIFIER	13142
wes	SCH01968	LOW	12897
wes	SCH01969	HIGH	603
wes	SCH01969	MODERATE	11093
wes	SCH01969	MODIFIER	12830
wes	SCH01969	LOW	12653
wes	SCH01970	HIGH	610
wes	SCH01970	MODERATE	11077
wes	SCH01970	MODIFIER	12694
wes	SCH01970	LOW	12622
wes	SCH01971	HIGH	581
wes	SCH01971	MODERATE	11080
wes	SCH01971	MODIFIER	12574
wes	SCH01971	LOW	12700
wes	SCH02301	HIGH	661
wes	SCH02301	MODERATE	11382
wes	SCH02301	MODIFIER	13988
wes	SCH02301	LOW	13833
wes	SCH02617	HIGH	670
wes	SCH02617	MODERATE	11265
wes	SCH02617	MODIFIER	13852
wes	SCH02617	LOW	13655
wes	SCH02618	HIGH	651
wes	SCH02618	MODERATE	11157
wes	SCH02618	MODIFIER	13902
wes	SCH02618	LOW	13688
wes	SCH02619	HIGH	577
wes	SCH02619	MODERATE	10823
wes	SCH02619	MODIFIER	13363
wes	SCH02619	LOW	13354
wes	SCH02620	HIGH	640
wes	SCH02620	MODERATE	11288
wes	SCH02620	MODIFIER	13616
wes	SCH02620	LOW	13734
wes	SCH02621	HIGH	642
wes	SCH02621	MODERATE	10931
wes	SCH02621	MODIFIER	13473
wes	SCH02621	LOW	13482
wes	SCH02622	HIGH	616
wes	SCH02622	MODERATE	10944
wes	SCH02622	MODIFIER	13371
wes	SCH02622	LOW	13404
wes	SCH02625	HIGH	630
wes	SCH02625	MODERATE	10957
wes	SCH02625	MODIFIER	13526
wes	SCH02625	LOW	13480
wes	SCH02626	HIGH	656
wes	SCH02626	MODERATE	11175
wes	SCH02626	MODIFIER	13650
wes	SCH02626	LOW	13882
wes	SCH02627	HIGH	623
wes	SCH02627	MODERATE	11115
wes	SCH02627	MODIFIER	13834
wes	SCH02627	LOW	13726
wes	SCH02628	HIGH	626
wes	SCH02628	MODERATE	10870
wes	SCH02628	MODIFIER	13246
wes	SCH02628	LOW	13395
wes	SCH02629	HIGH	621
wes	SCH02629	MODERATE	11000
wes	SCH02629	MODIFIER	13666
wes	SCH02629	LOW	13552
wes	SCH02630	HIGH	619
wes	SCH02630	MODERATE	11024
wes	SCH02630	MODIFIER	13613
wes	SCH02630	LOW	13650
wes	SCH02631	HIGH	629
wes	SCH02631	MODERATE	11027
wes	SCH02631	MODIFIER	13226
wes	SCH02631	LOW	13575
wes	SCH02632	HIGH	610
wes	SCH02632	MODERATE	10962
wes	SCH02632	MODIFIER	13322
wes	SCH02632	LOW	13591
wes	SCH02633	HIGH	577
wes	SCH02633	MODERATE	10950
wes	SCH02633	MODIFIER	13484
wes	SCH02633	LOW	13426
wes	SCH02768	HIGH	664
wes	SCH02768	MODERATE	11039
wes	SCH02768	MODIFIER	13721
wes	SCH02768	LOW	13659
wes	SCH02812	HIGH	635
wes	SCH02812	MODERATE	11536
wes	SCH02812	MODIFIER	12859
wes	SCH02812	LOW	13128
wes	SCH02813	HIGH	614
wes	SCH02813	MODERATE	11295
wes	SCH02813	MODIFIER	12486
wes	SCH02813	LOW	12683
wes	SCH02814	HIGH	615
wes	SCH02814	MODERATE	11391
wes	SCH02814	MODIFIER	12843
wes	SCH02814	LOW	12938
wes	SCH02815	HIGH	583
wes	SCH02815	MODERATE	11181
wes	SCH02815	MODIFIER	12340
wes	SCH02815	LOW	12668
wes	SCH02816	HIGH	616
wes	SCH02816	MODERATE	11278
wes	SCH02816	MODIFIER	12648
wes	SCH02816	LOW	12746
wes	SCH02817	HIGH	638
wes	SCH02817	MODERATE	11335
wes	SCH02817	MODIFIER	12569
wes	SCH02817	LOW	12806
wes	SCH02818	HIGH	640
wes	SCH02818	MODERATE	11399
wes	SCH02818	MODIFIER	12584
wes	SCH02818	LOW	12964
wes	SCH02819	HIGH	631
wes	SCH02819	MODERATE	11361
wes	SCH02819	MODIFIER	12722
wes	SCH02819	LOW	12993
wes	SCH02882	HIGH	626
wes	SCH02882	MODERATE	11374
wes	SCH02882	MODIFIER	12545
wes	SCH02882	LOW	12865
wes	SCH02883	HIGH	631
wes	SCH02883	MODERATE	11181
wes	SCH02883	MODIFIER	12504
wes	SCH02883	LOW	12790
wes	SCH02884	HIGH	615
wes	SCH02884	MODERATE	11179
wes	SCH02884	MODIFIER	12689
wes	SCH02884	LOW	12946
wes	SCH02885	HIGH	597
wes	SCH02885	MODERATE	11187
wes	SCH02885	MODIFIER	12402
wes	SCH02885	LOW	12632
wes	SCH03012	HIGH	612
wes	SCH03012	MODERATE	11212
wes	SCH03012	MODIFIER	12293
wes	SCH03012	LOW	12744
wes	SCH2009	HIGH	615
wes	SCH2009	MODERATE	10987
wes	SCH2009	MODIFIER	12112
wes	SCH2009	LOW	12428
wes	SCH2224	HIGH	616
wes	SCH2224	MODERATE	11268
wes	SCH2224	MODIFIER	12423
wes	SCH2224	LOW	12602
wes	SE	HIGH	619
wes	SE	MODERATE	11089
wes	SE	MODIFIER	13190
wes	SE	LOW	13389
wes	SFFPE-block	HIGH	2771
wes	SFFPE-block	MODERATE	11446
wes	SFFPE-block	MODIFIER	13635
wes	SFFPE-block	LOW	12501
ces	SGMD453	HIGH	128
ces	SGMD453	MODERATE	3050
ces	SGMD453	MODIFIER	886
ces	SGMD453	LOW	4418
ces	SGO8401	HIGH	127
ces	SGO8401	MODERATE	2953
ces	SGO8401	MODIFIER	859
ces	SGO8401	LOW	4258
wes	SGetero	HIGH	198
wes	SGetero	MODERATE	3407
wes	SGetero	MODIFIER	1643
wes	SGetero	LOW	3788
wes	SHUVOS	HIGH	407
wes	SHUVOS	MODERATE	8035
wes	SHUVOS	MODIFIER	4455
wes	SHUVOS	LOW	9105
wes	SHorion	HIGH	600
wes	SHorion	MODERATE	10774
wes	SHorion	MODIFIER	12043
wes	SHorion	LOW	12814
wes	SII	HIGH	561
wes	SII	MODERATE	10339
wes	SII	MODIFIER	8600
wes	SII	LOW	12263
wes	SMV18-1	HIGH	585
wes	SMV18-1	MODERATE	11006
wes	SMV18-1	MODIFIER	12363
wes	SMV18-1	LOW	12771
wes	SMV834	HIGH	641
wes	SMV834	MODERATE	11259
wes	SMV834	MODIFIER	13661
wes	SMV834	LOW	13826
wes	SMV835	HIGH	640
wes	SMV835	MODERATE	11460
wes	SMV835	MODIFIER	14091
wes	SMV835	LOW	13953
wes	SMV984	HIGH	616
wes	SMV984	MODERATE	11149
wes	SMV984	MODIFIER	12490
wes	SMV984	LOW	12654
wes	SORF2	HIGH	629
wes	SORF2	MODERATE	11009
wes	SORF2	MODIFIER	13539
wes	SORF2	LOW	13459
wes	SORF3	HIGH	660
wes	SORF3	MODERATE	11121
wes	SORF3	MODIFIER	13728
wes	SORF3	LOW	13605
wes	SORP0004	HIGH	589
wes	SORP0004	MODERATE	10990
wes	SORP0004	MODIFIER	13328
wes	SORP0004	LOW	13558
wes	SOTTU	HIGH	692
wes	SOTTU	MODERATE	10581
wes	SOTTU	MODIFIER	11809
wes	SOTTU	LOW	12538
wes	SS	HIGH	641
wes	SS	MODERATE	11170
wes	SS	MODIFIER	13658
wes	SS	LOW	13608
wes	SSMA2	HIGH	680
wes	SSMA2	MODERATE	11263
wes	SSMA2	MODIFIER	14024
wes	SSMA2	LOW	13819
wes	SSMA3	HIGH	660
wes	SSMA3	MODERATE	11088
wes	SSMA3	MODIFIER	13964
wes	SSMA3	LOW	13783
wes	SSSExomesv6DNA01indexA01	HIGH	591
wes	SSSExomesv6DNA01indexA01	MODERATE	10483
wes	SSSExomesv6DNA01indexA01	MODIFIER	34354
wes	SSSExomesv6DNA01indexA01	LOW	12858
wes	SSSExomesv6DNA02indexB01	HIGH	565
wes	SSSExomesv6DNA02indexB01	MODERATE	10425
wes	SSSExomesv6DNA02indexB01	MODIFIER	34356
wes	SSSExomesv6DNA02indexB01	LOW	12724
wes	SSSExomesv6DNA03indexC01	HIGH	586
wes	SSSExomesv6DNA03indexC01	MODERATE	10343
wes	SSSExomesv6DNA03indexC01	MODIFIER	34113
wes	SSSExomesv6DNA03indexC01	LOW	12746
wes	SSSExomesv6DNA04indexD01	HIGH	581
wes	SSSExomesv6DNA04indexD01	MODERATE	10453
wes	SSSExomesv6DNA04indexD01	MODIFIER	34049
wes	SSSExomesv6DNA04indexD01	LOW	12873
wes	SSSExomesv6DNA05indexE01	HIGH	591
wes	SSSExomesv6DNA05indexE01	MODERATE	10503
wes	SSSExomesv6DNA05indexE01	MODIFIER	34314
wes	SSSExomesv6DNA05indexE01	LOW	12718
wes	SSSExomesv6DNA06indexF01	HIGH	584
wes	SSSExomesv6DNA06indexF01	MODERATE	10425
wes	SSSExomesv6DNA06indexF01	MODIFIER	34263
wes	SSSExomesv6DNA06indexF01	LOW	12640
wes	SSSExomesv6DNA07indexG01	HIGH	606
wes	SSSExomesv6DNA07indexG01	MODERATE	10617
wes	SSSExomesv6DNA07indexG01	MODIFIER	34418
wes	SSSExomesv6DNA07indexG01	LOW	12827
wes	SSSExomesv6DNA08indexH01	HIGH	606
wes	SSSExomesv6DNA08indexH01	MODERATE	10369
wes	SSSExomesv6DNA08indexH01	MODIFIER	34060
wes	SSSExomesv6DNA08indexH01	LOW	12636
wes	SSSExomesv6DNA09indexA02	HIGH	587
wes	SSSExomesv6DNA09indexA02	MODERATE	10589
wes	SSSExomesv6DNA09indexA02	MODIFIER	34275
wes	SSSExomesv6DNA09indexA02	LOW	12995
wes	SSSExomesv6DNA10indexB02	HIGH	582
wes	SSSExomesv6DNA10indexB02	MODERATE	10297
wes	SSSExomesv6DNA10indexB02	MODIFIER	34185
wes	SSSExomesv6DNA10indexB02	LOW	12796
ces	Sex82	HIGH	134
ces	Sex82	MODERATE	3021
ces	Sex82	MODIFIER	819
ces	Sex82	LOW	4272
wes	Smel	HIGH	569
wes	Smel	MODERATE	11025
wes	Smel	MODIFIER	8113
wes	Smel	LOW	12601
wes	Spav	HIGH	584
wes	Spav	MODERATE	11028
wes	Spav	MODIFIER	8818
wes	Spav	LOW	12738
wes	Ssrr	HIGH	580
wes	Ssrr	MODERATE	10989
wes	Ssrr	MODIFIER	8645
wes	Ssrr	LOW	12801
ces	ces_26.sample_291	HIGH	146
ces	ces_26.sample_291	MODERATE	2999
ces	ces_26.sample_291	MODIFIER	963
ces	ces_26.sample_291	LOW	4338
ces	ces_26.sample_BR74	HIGH	126
ces	ces_26.sample_BR74	MODERATE	2971
ces	ces_26.sample_BR74	MODIFIER	935
ces	ces_26.sample_BR74	LOW	4239
ces	ces_28.sample_563-17	HIGH	156
ces	ces_28.sample_563-17	MODERATE	3169
ces	ces_28.sample_563-17	MODIFIER	888
ces	ces_28.sample_563-17	LOW	4457
ces	ces_28.sample_598-17	HIGH	131
ces	ces_28.sample_598-17	MODERATE	3077
ces	ces_28.sample_598-17	MODIFIER	940
ces	ces_28.sample_598-17	LOW	4378
ces	ces_28.sample_599-17	HIGH	131
ces	ces_28.sample_599-17	MODERATE	2901
ces	ces_28.sample_599-17	MODIFIER	902
ces	ces_28.sample_599-17	LOW	4214
ces	ces_28.sample_600-17	HIGH	152
ces	ces_28.sample_600-17	MODERATE	3157
ces	ces_28.sample_600-17	MODIFIER	930
ces	ces_28.sample_600-17	LOW	4466
ces	ces_28.sample_601-17	HIGH	127
ces	ces_28.sample_601-17	MODERATE	2961
ces	ces_28.sample_601-17	MODIFIER	789
ces	ces_28.sample_601-17	LOW	4141
ces	ces_28.sample_BR45	HIGH	128
ces	ces_28.sample_BR45	MODERATE	2996
ces	ces_28.sample_BR45	MODIFIER	945
ces	ces_28.sample_BR45	LOW	4415
ces	ces_28.sample_BR72	HIGH	134
ces	ces_28.sample_BR72	MODERATE	3029
ces	ces_28.sample_BR72	MODIFIER	922
ces	ces_28.sample_BR72	LOW	4382
ces	ces_28.sample_BR73	HIGH	132
ces	ces_28.sample_BR73	MODERATE	2977
ces	ces_28.sample_BR73	MODIFIER	934
ces	ces_28.sample_BR73	LOW	4388
ces	ces_28.sample_BR75	HIGH	152
ces	ces_28.sample_BR75	MODERATE	3010
ces	ces_28.sample_BR75	MODIFIER	942
ces	ces_28.sample_BR75	LOW	4434
ces	ces_28.sample_BR76	HIGH	138
ces	ces_28.sample_BR76	MODERATE	2947
ces	ces_28.sample_BR76	MODIFIER	900
ces	ces_28.sample_BR76	LOW	4363
ces	ces_28.sample_BR79	HIGH	136
ces	ces_28.sample_BR79	MODERATE	2888
ces	ces_28.sample_BR79	MODIFIER	870
ces	ces_28.sample_BR79	LOW	4216
ces	ces_28.sample_BR82	HIGH	129
ces	ces_28.sample_BR82	MODERATE	2978
ces	ces_28.sample_BR82	MODIFIER	932
ces	ces_28.sample_BR82	LOW	4340
ces	ces_28.sample_BR83	HIGH	139
ces	ces_28.sample_BR83	MODERATE	3045
ces	ces_28.sample_BR83	MODIFIER	922
ces	ces_28.sample_BR83	LOW	4389
ces	ces_28.sample_BR91	HIGH	130
ces	ces_28.sample_BR91	MODERATE	2998
ces	ces_28.sample_BR91	MODIFIER	860
ces	ces_28.sample_BR91	LOW	4248
ces	ces_28.sample_BR92	HIGH	151
ces	ces_28.sample_BR92	MODERATE	3028
ces	ces_28.sample_BR92	MODIFIER	943
ces	ces_28.sample_BR92	LOW	4443
ces	ces_28.sample_BR94	HIGH	149
ces	ces_28.sample_BR94	MODERATE	3197
ces	ces_28.sample_BR94	MODIFIER	922
ces	ces_28.sample_BR94	LOW	4501
ces	ces_28.sample_NF	HIGH	134
ces	ces_28.sample_NF	MODERATE	3079
ces	ces_28.sample_NF	MODIFIER	942
ces	ces_28.sample_NF	LOW	4569
ces	ces_30.sample_15901854	HIGH	140
ces	ces_30.sample_15901854	MODERATE	3108
ces	ces_30.sample_15901854	MODIFIER	961
ces	ces_30.sample_15901854	LOW	4523
ces	ces_30.sample_CH00338	HIGH	142
ces	ces_30.sample_CH00338	MODERATE	3053
ces	ces_30.sample_CH00338	MODIFIER	999
ces	ces_30.sample_CH00338	LOW	4376
ces	ces_30.sample_CH00343	HIGH	146
ces	ces_30.sample_CH00343	MODERATE	3064
ces	ces_30.sample_CH00343	MODIFIER	949
ces	ces_30.sample_CH00343	LOW	4412
ces	ces_30.sample_CH00357	HIGH	127
ces	ces_30.sample_CH00357	MODERATE	2977
ces	ces_30.sample_CH00357	MODIFIER	929
ces	ces_30.sample_CH00357	LOW	4385
ces	ces_30.sample_CH00360	HIGH	134
ces	ces_30.sample_CH00360	MODERATE	3021
ces	ces_30.sample_CH00360	MODIFIER	946
ces	ces_30.sample_CH00360	LOW	4431
ces	ces_30.sample_CH00367	HIGH	124
ces	ces_30.sample_CH00367	MODERATE	3062
ces	ces_30.sample_CH00367	MODIFIER	946
ces	ces_30.sample_CH00367	LOW	4372
ces	ces_30.sample_CH00380	HIGH	147
ces	ces_30.sample_CH00380	MODERATE	3096
ces	ces_30.sample_CH00380	MODIFIER	950
ces	ces_30.sample_CH00380	LOW	4295
ces	ces_30.sample_CH00382	HIGH	142
ces	ces_30.sample_CH00382	MODERATE	3019
ces	ces_30.sample_CH00382	MODIFIER	915
ces	ces_30.sample_CH00382	LOW	4354
ces	ces_30.sample_CH00385	HIGH	140
ces	ces_30.sample_CH00385	MODERATE	3042
ces	ces_30.sample_CH00385	MODIFIER	905
ces	ces_30.sample_CH00385	LOW	4417
ces	ces_30.sample_CH00388	HIGH	143
ces	ces_30.sample_CH00388	MODERATE	3086
ces	ces_30.sample_CH00388	MODIFIER	930
ces	ces_30.sample_CH00388	LOW	4422
ces	ces_30.sample_CH00658	HIGH	154
ces	ces_30.sample_CH00658	MODERATE	3109
ces	ces_30.sample_CH00658	MODIFIER	952
ces	ces_30.sample_CH00658	LOW	4600
ces	ces_30.sample_F	HIGH	68
ces	ces_30.sample_F	MODERATE	1527
ces	ces_30.sample_F	MODIFIER	454
ces	ces_30.sample_F	LOW	2133
ces	ces_32.sample_CH01191	HIGH	123
ces	ces_32.sample_CH01191	MODERATE	2987
ces	ces_32.sample_CH01191	MODIFIER	918
ces	ces_32.sample_CH01191	LOW	4288
ces	ces_32.sample_CH01194	HIGH	124
ces	ces_32.sample_CH01194	MODERATE	2960
ces	ces_32.sample_CH01194	MODIFIER	962
ces	ces_32.sample_CH01194	LOW	4348
ces	ces_32.sample_CH01197	HIGH	134
ces	ces_32.sample_CH01197	MODERATE	3032
ces	ces_32.sample_CH01197	MODIFIER	947
ces	ces_32.sample_CH01197	LOW	4335
ces	ces_32.sample_CH01200	HIGH	167
ces	ces_32.sample_CH01200	MODERATE	3102
ces	ces_32.sample_CH01200	MODIFIER	935
ces	ces_32.sample_CH01200	LOW	4462
ces	ces_32.sample_CH01203	HIGH	142
ces	ces_32.sample_CH01203	MODERATE	3020
ces	ces_32.sample_CH01203	MODIFIER	913
ces	ces_32.sample_CH01203	LOW	4456
ces	ces_32.sample_CH01204	HIGH	129
ces	ces_32.sample_CH01204	MODERATE	2969
ces	ces_32.sample_CH01204	MODIFIER	918
ces	ces_32.sample_CH01204	LOW	4313
ces	ces_32.sample_CH01206	HIGH	127
ces	ces_32.sample_CH01206	MODERATE	2876
ces	ces_32.sample_CH01206	MODIFIER	914
ces	ces_32.sample_CH01206	LOW	4224
ces	ces_32.sample_CH01207	HIGH	136
ces	ces_32.sample_CH01207	MODERATE	2976
ces	ces_32.sample_CH01207	MODIFIER	915
ces	ces_32.sample_CH01207	LOW	4401
ces	ces_32.sample_CH01208	HIGH	137
ces	ces_32.sample_CH01208	MODERATE	3064
ces	ces_32.sample_CH01208	MODIFIER	941
ces	ces_32.sample_CH01208	LOW	4427
ces	ces_32.sample_CH01209	HIGH	143
ces	ces_32.sample_CH01209	MODERATE	3110
ces	ces_32.sample_CH01209	MODIFIER	920
ces	ces_32.sample_CH01209	LOW	4460
ces	ces_32.sample_CH01210	HIGH	112
ces	ces_32.sample_CH01210	MODERATE	2997
ces	ces_32.sample_CH01210	MODIFIER	908
ces	ces_32.sample_CH01210	LOW	4307
ces	ces_32.sample_CH01211	HIGH	133
ces	ces_32.sample_CH01211	MODERATE	2965
ces	ces_32.sample_CH01211	MODIFIER	920
ces	ces_32.sample_CH01211	LOW	4359
ces	ces_32.sample_CH01212	HIGH	127
ces	ces_32.sample_CH01212	MODERATE	3048
ces	ces_32.sample_CH01212	MODIFIER	904
ces	ces_32.sample_CH01212	LOW	4272
ces	ces_32.sample_CH01214	HIGH	136
ces	ces_32.sample_CH01214	MODERATE	3046
ces	ces_32.sample_CH01214	MODIFIER	956
ces	ces_32.sample_CH01214	LOW	4498
ces	ces_32.sample_CH01215	HIGH	119
ces	ces_32.sample_CH01215	MODERATE	3060
ces	ces_32.sample_CH01215	MODIFIER	900
ces	ces_32.sample_CH01215	LOW	4409
ces	ces_32.sample_CH01216	HIGH	140
ces	ces_32.sample_CH01216	MODERATE	2948
ces	ces_32.sample_CH01216	MODIFIER	902
ces	ces_32.sample_CH01216	LOW	4368
ces	ces_32.sample_CH01217	HIGH	129
ces	ces_32.sample_CH01217	MODERATE	2882
ces	ces_32.sample_CH01217	MODIFIER	885
ces	ces_32.sample_CH01217	LOW	4300
ces	ces_32.sample_CH01218	HIGH	146
ces	ces_32.sample_CH01218	MODERATE	2990
ces	ces_32.sample_CH01218	MODIFIER	923
ces	ces_32.sample_CH01218	LOW	4342
ces	ces_32.sample_CH01219	HIGH	127
ces	ces_32.sample_CH01219	MODERATE	2921
ces	ces_32.sample_CH01219	MODIFIER	868
ces	ces_32.sample_CH01219	LOW	4303
ces	ces_32.sample_CH01220	HIGH	122
ces	ces_32.sample_CH01220	MODERATE	2959
ces	ces_32.sample_CH01220	MODIFIER	916
ces	ces_32.sample_CH01220	LOW	4342
ces	ces_32.sample_CH01221	HIGH	133
ces	ces_32.sample_CH01221	MODERATE	2991
ces	ces_32.sample_CH01221	MODIFIER	888
ces	ces_32.sample_CH01221	LOW	4343
ces	ces_32.sample_CH01222	HIGH	126
ces	ces_32.sample_CH01222	MODERATE	2939
ces	ces_32.sample_CH01222	MODIFIER	877
ces	ces_32.sample_CH01222	LOW	4290
ces	ces_32.sample_CH01223	HIGH	57
ces	ces_32.sample_CH01223	MODERATE	1641
ces	ces_32.sample_CH01223	MODIFIER	429
ces	ces_32.sample_CH01223	LOW	2324
ces	ces_32.sample_CH01224	HIGH	134
ces	ces_32.sample_CH01224	MODERATE	2983
ces	ces_32.sample_CH01224	MODIFIER	885
ces	ces_32.sample_CH01224	LOW	4379
ces	ces_32.sample_CH01279	HIGH	163
ces	ces_32.sample_CH01279	MODERATE	3064
ces	ces_32.sample_CH01279	MODIFIER	928
ces	ces_32.sample_CH01279	LOW	4413
wes	run_1.sample_27	HIGH	560
wes	run_1.sample_27	MODERATE	10477
wes	run_1.sample_27	MODIFIER	11591
wes	run_1.sample_27	LOW	12196
wes	run_1.sample_59	HIGH	614
wes	run_1.sample_59	MODERATE	10818
wes	run_1.sample_59	MODIFIER	12337
wes	run_1.sample_59	LOW	12621
wes	run_1.sample_69	HIGH	618
wes	run_1.sample_69	MODERATE	11267
wes	run_1.sample_69	MODIFIER	12784
wes	run_1.sample_69	LOW	12861
wes	run_1.sample_70	HIGH	645
wes	run_1.sample_70	MODERATE	11360
wes	run_1.sample_70	MODIFIER	12883
wes	run_1.sample_70	LOW	12921
wes	run_1.sample_77	HIGH	587
wes	run_1.sample_77	MODERATE	11104
wes	run_1.sample_77	MODIFIER	12627
wes	run_1.sample_77	LOW	12803
wes	run_1.sample_78	HIGH	600
wes	run_1.sample_78	MODERATE	10951
wes	run_1.sample_78	MODIFIER	12384
wes	run_1.sample_78	LOW	12479
wes	run_10.sample_417	HIGH	687
wes	run_10.sample_417	MODERATE	11552
wes	run_10.sample_417	MODIFIER	13376
wes	run_10.sample_417	LOW	13149
wes	run_10.sample_470	HIGH	632
wes	run_10.sample_470	MODERATE	11488
wes	run_10.sample_470	MODIFIER	12884
wes	run_10.sample_470	LOW	12896
wes	run_10.sample_48	HIGH	608
wes	run_10.sample_48	MODERATE	11354
wes	run_10.sample_48	MODIFIER	12964
wes	run_10.sample_48	LOW	13101
wes	run_10.sample_49	HIGH	563
wes	run_10.sample_49	MODERATE	11305
wes	run_10.sample_49	MODIFIER	12316
wes	run_10.sample_49	LOW	12967
wes	run_10.sample_50	HIGH	705
wes	run_10.sample_50	MODERATE	11488
wes	run_10.sample_50	MODIFIER	13395
wes	run_10.sample_50	LOW	13067
wes	run_10.sample_524	HIGH	642
wes	run_10.sample_524	MODERATE	11210
wes	run_10.sample_524	MODIFIER	12986
wes	run_10.sample_524	LOW	12865
wes	run_10.sample_54	HIGH	665
wes	run_10.sample_54	MODERATE	11466
wes	run_10.sample_54	MODIFIER	12947
wes	run_10.sample_54	LOW	13052
wes	run_10.sample_561	HIGH	637
wes	run_10.sample_561	MODERATE	11372
wes	run_10.sample_561	MODIFIER	12958
wes	run_10.sample_561	LOW	13072
wes	run_10.sample_564	HIGH	627
wes	run_10.sample_564	MODERATE	11290
wes	run_10.sample_564	MODIFIER	12837
wes	run_10.sample_564	LOW	12953
wes	run_10.sample_75-16	HIGH	634
wes	run_10.sample_75-16	MODERATE	11471
wes	run_10.sample_75-16	MODIFIER	12870
wes	run_10.sample_75-16	LOW	12915
wes	run_11.sample_544	HIGH	611
wes	run_11.sample_544	MODERATE	11309
wes	run_11.sample_544	MODIFIER	12664
wes	run_11.sample_544	LOW	12929
wes	run_11.sample_554	HIGH	648
wes	run_11.sample_554	MODERATE	11404
wes	run_11.sample_554	MODIFIER	12923
wes	run_11.sample_554	LOW	12811
wes	run_11.sample_558	HIGH	611
wes	run_11.sample_558	MODERATE	11396
wes	run_11.sample_558	MODIFIER	13010
wes	run_11.sample_558	LOW	13092
wes	run_11.sample_565	HIGH	622
wes	run_11.sample_565	MODERATE	11468
wes	run_11.sample_565	MODIFIER	12728
wes	run_11.sample_565	LOW	12829
wes	run_11.sample_570	HIGH	627
wes	run_11.sample_570	MODERATE	11176
wes	run_11.sample_570	MODIFIER	12693
wes	run_11.sample_570	LOW	12809
wes	run_11.sample_578	HIGH	643
wes	run_11.sample_578	MODERATE	11482
wes	run_11.sample_578	MODIFIER	12974
wes	run_11.sample_578	LOW	12989
wes	run_11.sample_579	HIGH	633
wes	run_11.sample_579	MODERATE	11444
wes	run_11.sample_579	MODIFIER	12941
wes	run_11.sample_579	LOW	13039
wes	run_11.sample_580	HIGH	660
wes	run_11.sample_580	MODERATE	11196
wes	run_11.sample_580	MODIFIER	12747
wes	run_11.sample_580	LOW	12757
wes	run_11.sample_581	HIGH	648
wes	run_11.sample_581	MODERATE	11527
wes	run_11.sample_581	MODIFIER	13033
wes	run_11.sample_581	LOW	13098
wes	run_11.sample_582	HIGH	678
wes	run_11.sample_582	MODERATE	11178
wes	run_11.sample_582	MODIFIER	12606
wes	run_11.sample_582	LOW	12759
wes	run_12.sample_13	HIGH	597
wes	run_12.sample_13	MODERATE	11138
wes	run_12.sample_13	MODIFIER	12144
wes	run_12.sample_13	LOW	12506
wes	run_12.sample_231-16	HIGH	627
wes	run_12.sample_231-16	MODERATE	11230
wes	run_12.sample_231-16	MODIFIER	12356
wes	run_12.sample_231-16	LOW	12693
wes	run_12.sample_232-16	HIGH	644
wes	run_12.sample_232-16	MODERATE	11441
wes	run_12.sample_232-16	MODIFIER	12315
wes	run_12.sample_232-16	LOW	12759
wes	run_12.sample_29	HIGH	611
wes	run_12.sample_29	MODERATE	11171
wes	run_12.sample_29	MODIFIER	12499
wes	run_12.sample_29	LOW	12826
wes	run_12.sample_30	HIGH	618
wes	run_12.sample_30	MODERATE	11288
wes	run_12.sample_30	MODIFIER	12673
wes	run_12.sample_30	LOW	12837
wes	run_12.sample_31	HIGH	614
wes	run_12.sample_31	MODERATE	11204
wes	run_12.sample_31	MODIFIER	12503
wes	run_12.sample_31	LOW	12762
wes	run_12.sample_32	HIGH	611
wes	run_12.sample_32	MODERATE	11135
wes	run_12.sample_32	MODIFIER	12359
wes	run_12.sample_32	LOW	12845
wes	run_12.sample_BR51	HIGH	642
wes	run_12.sample_BR51	MODERATE	11391
wes	run_12.sample_BR51	MODIFIER	12320
wes	run_12.sample_BR51	LOW	12867
wes	run_12.sample_BR52	HIGH	611
wes	run_12.sample_BR52	MODERATE	11316
wes	run_12.sample_BR52	MODIFIER	12412
wes	run_12.sample_BR52	LOW	12800
wes	run_12.sample_BR53	HIGH	655
wes	run_12.sample_BR53	MODERATE	11361
wes	run_12.sample_BR53	MODIFIER	12553
wes	run_12.sample_BR53	LOW	12727
wes	run_14.sample_14	HIGH	634
wes	run_14.sample_14	MODERATE	11202
wes	run_14.sample_14	MODIFIER	12890
wes	run_14.sample_14	LOW	12829
wes	run_14.sample_15	HIGH	626
wes	run_14.sample_15	MODERATE	11258
wes	run_14.sample_15	MODIFIER	12998
wes	run_14.sample_15	LOW	12831
wes	run_14.sample_16	HIGH	660
wes	run_14.sample_16	MODERATE	11443
wes	run_14.sample_16	MODIFIER	12663
wes	run_14.sample_16	LOW	12757
wes	run_14.sample_17	HIGH	663
wes	run_14.sample_17	MODERATE	11401
wes	run_14.sample_17	MODIFIER	12797
wes	run_14.sample_17	LOW	13060
wes	run_14.sample_18	HIGH	658
wes	run_14.sample_18	MODERATE	11425
wes	run_14.sample_18	MODIFIER	12951
wes	run_14.sample_18	LOW	13020
wes	run_14.sample_2	HIGH	664
wes	run_14.sample_2	MODERATE	11484
wes	run_14.sample_2	MODIFIER	12878
wes	run_14.sample_2	LOW	13091
wes	run_14.sample_60	HIGH	604
wes	run_14.sample_60	MODERATE	11387
wes	run_14.sample_60	MODIFIER	12855
wes	run_14.sample_60	LOW	12930
wes	run_14.sample_61	HIGH	617
wes	run_14.sample_61	MODERATE	11288
wes	run_14.sample_61	MODIFIER	12781
wes	run_14.sample_61	LOW	12810
wes	run_14.sample_66	HIGH	670
wes	run_14.sample_66	MODERATE	11527
wes	run_14.sample_66	MODIFIER	12886
wes	run_14.sample_66	LOW	13076
wes	run_14.sample_67	HIGH	668
wes	run_14.sample_67	MODERATE	11253
wes	run_14.sample_67	MODIFIER	12768
wes	run_14.sample_67	LOW	12879
wes	run_15.sample_19	HIGH	610
wes	run_15.sample_19	MODERATE	11030
wes	run_15.sample_19	MODIFIER	12306
wes	run_15.sample_19	LOW	12571
wes	run_15.sample_20	HIGH	637
wes	run_15.sample_20	MODERATE	11268
wes	run_15.sample_20	MODIFIER	12505
wes	run_15.sample_20	LOW	12659
wes	run_15.sample_21	HIGH	656
wes	run_15.sample_21	MODERATE	11418
wes	run_15.sample_21	MODIFIER	12761
wes	run_15.sample_21	LOW	13010
wes	run_15.sample_22	HIGH	624
wes	run_15.sample_22	MODERATE	11401
wes	run_15.sample_22	MODIFIER	12277
wes	run_15.sample_22	LOW	12622
wes	run_15.sample_23	HIGH	604
wes	run_15.sample_23	MODERATE	11155
wes	run_15.sample_23	MODIFIER	12647
wes	run_15.sample_23	LOW	12547
wes	run_15.sample_24	HIGH	653
wes	run_15.sample_24	MODERATE	11410
wes	run_15.sample_24	MODIFIER	12654
wes	run_15.sample_24	LOW	12891
wes	run_15.sample_25	HIGH	618
wes	run_15.sample_25	MODERATE	11096
wes	run_15.sample_25	MODIFIER	12458
wes	run_15.sample_25	LOW	12649
wes	run_15.sample_33	HIGH	657
wes	run_15.sample_33	MODERATE	11274
wes	run_15.sample_33	MODIFIER	12790
wes	run_15.sample_33	LOW	12702
wes	run_15.sample_34	HIGH	712
wes	run_15.sample_34	MODERATE	12450
wes	run_15.sample_34	MODIFIER	14063
wes	run_15.sample_34	LOW	14142
wes	run_15.sample_35	HIGH	726
wes	run_15.sample_35	MODERATE	12439
wes	run_15.sample_35	MODIFIER	14040
wes	run_15.sample_35	LOW	14149
wes	run_15.sample_CH00277	HIGH	618
wes	run_15.sample_CH00277	MODERATE	11290
wes	run_15.sample_CH00277	MODIFIER	11841
wes	run_15.sample_CH00277	LOW	12851
wes	run_15.sample_CH00278	HIGH	630
wes	run_15.sample_CH00278	MODERATE	11327
wes	run_15.sample_CH00278	MODIFIER	12014
wes	run_15.sample_CH00278	LOW	12954
wes	run_15.sample_CH00279	HIGH	647
wes	run_15.sample_CH00279	MODERATE	11541
wes	run_15.sample_CH00279	MODIFIER	12376
wes	run_15.sample_CH00279	LOW	13168
wes	run_15.sample_CH00280	HIGH	1021
wes	run_15.sample_CH00280	MODERATE	11178
wes	run_15.sample_CH00280	MODIFIER	11661
wes	run_15.sample_CH00280	LOW	12563
wes	run_15.sample_CH00281	HIGH	620
wes	run_15.sample_CH00281	MODERATE	11235
wes	run_15.sample_CH00281	MODIFIER	12539
wes	run_15.sample_CH00281	LOW	12652
wes	run_15.sample_CH00282	HIGH	643
wes	run_15.sample_CH00282	MODERATE	11430
wes	run_15.sample_CH00282	MODIFIER	12118
wes	run_15.sample_CH00282	LOW	12993
wes	run_15.sample_CH00283	HIGH	633
wes	run_15.sample_CH00283	MODERATE	11343
wes	run_15.sample_CH00283	MODIFIER	12212
wes	run_15.sample_CH00283	LOW	12903
wes	run_15.sample_CH00284	HIGH	630
wes	run_15.sample_CH00284	MODERATE	11394
wes	run_15.sample_CH00284	MODIFIER	11750
wes	run_15.sample_CH00284	LOW	12889
wes	run_15.sample_CH00285	HIGH	613
wes	run_15.sample_CH00285	MODERATE	11544
wes	run_15.sample_CH00285	MODIFIER	11984
wes	run_15.sample_CH00285	LOW	12783
wes	run_15.sample_CH00286	HIGH	635
wes	run_15.sample_CH00286	MODERATE	11613
wes	run_15.sample_CH00286	MODIFIER	12426
wes	run_15.sample_CH00286	LOW	13153
wes	run_15.sample_CH00287	HIGH	649
wes	run_15.sample_CH00287	MODERATE	11433
wes	run_15.sample_CH00287	MODIFIER	12890
wes	run_15.sample_CH00287	LOW	13010
wes	run_15.sample_CH00288	HIGH	640
wes	run_15.sample_CH00288	MODERATE	11145
wes	run_15.sample_CH00288	MODIFIER	12483
wes	run_15.sample_CH00288	LOW	12628
wes	run_15.sample_CH00291	HIGH	609
wes	run_15.sample_CH00291	MODERATE	11136
wes	run_15.sample_CH00291	MODIFIER	12324
wes	run_15.sample_CH00291	LOW	12566
wes	run_15.sample_CH00292	HIGH	643
wes	run_15.sample_CH00292	MODERATE	11312
wes	run_15.sample_CH00292	MODIFIER	12374
wes	run_15.sample_CH00292	LOW	12567
wes	run_15.sample_CH00293	HIGH	650
wes	run_15.sample_CH00293	MODERATE	11242
wes	run_15.sample_CH00293	MODIFIER	12808
wes	run_15.sample_CH00293	LOW	12944
wes	run_15.sample_CH00294	HIGH	618
wes	run_15.sample_CH00294	MODERATE	11287
wes	run_15.sample_CH00294	MODIFIER	12823
wes	run_15.sample_CH00294	LOW	12839
wes	run_15.sample_CH00295	HIGH	657
wes	run_15.sample_CH00295	MODERATE	11404
wes	run_15.sample_CH00295	MODIFIER	12892
wes	run_15.sample_CH00295	LOW	12796
wes	run_15.sample_CH00296	HIGH	624
wes	run_15.sample_CH00296	MODERATE	11213
wes	run_15.sample_CH00296	MODIFIER	12591
wes	run_15.sample_CH00296	LOW	12724
wes	run_15.sample_CH00297	HIGH	621
wes	run_15.sample_CH00297	MODERATE	11198
wes	run_15.sample_CH00297	MODIFIER	12592
wes	run_15.sample_CH00297	LOW	12827
wes	run_15.sample_CH00298	HIGH	636
wes	run_15.sample_CH00298	MODERATE	11246
wes	run_15.sample_CH00298	MODIFIER	12506
wes	run_15.sample_CH00298	LOW	12765
wes	run_15.sample_CH00323	HIGH	659
wes	run_15.sample_CH00323	MODERATE	11473
wes	run_15.sample_CH00323	MODIFIER	12500
wes	run_15.sample_CH00323	LOW	12754
wes	run_15.sample_CH00324	HIGH	626
wes	run_15.sample_CH00324	MODERATE	11062
wes	run_15.sample_CH00324	MODIFIER	12153
wes	run_15.sample_CH00324	LOW	12610
wes	run_15.sample_CH00325	HIGH	596
wes	run_15.sample_CH00325	MODERATE	11064
wes	run_15.sample_CH00325	MODIFIER	12236
wes	run_15.sample_CH00325	LOW	12588
wes	run_15.sample_CH00326	HIGH	588
wes	run_15.sample_CH00326	MODERATE	11162
wes	run_15.sample_CH00326	MODIFIER	12350
wes	run_15.sample_CH00326	LOW	12645
wes	run_15.sample_CH00327	HIGH	613
wes	run_15.sample_CH00327	MODERATE	11230
wes	run_15.sample_CH00327	MODIFIER	12333
wes	run_15.sample_CH00327	LOW	12549
wes	run_15.sample_CH00328	HIGH	598
wes	run_15.sample_CH00328	MODERATE	11045
wes	run_15.sample_CH00328	MODIFIER	12510
wes	run_15.sample_CH00328	LOW	12552
wes	run_15.sample_CH00329	HIGH	641
wes	run_15.sample_CH00329	MODERATE	11355
wes	run_15.sample_CH00329	MODIFIER	12656
wes	run_15.sample_CH00329	LOW	12877
wes	run_15.sample_CH00330	HIGH	616
wes	run_15.sample_CH00330	MODERATE	11253
wes	run_15.sample_CH00330	MODIFIER	12339
wes	run_15.sample_CH00330	LOW	12882
ces	run_16.sample_BR21	HIGH	139
ces	run_16.sample_BR21	MODERATE	3000
ces	run_16.sample_BR21	MODIFIER	863
ces	run_16.sample_BR21	LOW	4352
ces	run_16.sample_BR55	HIGH	142
ces	run_16.sample_BR55	MODERATE	3072
ces	run_16.sample_BR55	MODIFIER	826
ces	run_16.sample_BR55	LOW	4344
ces	run_16.sample_BR59	HIGH	150
ces	run_16.sample_BR59	MODERATE	3030
ces	run_16.sample_BR59	MODIFIER	885
ces	run_16.sample_BR59	LOW	4389
ces	run_16.sample_BR60	HIGH	130
ces	run_16.sample_BR60	MODERATE	3117
ces	run_16.sample_BR60	MODIFIER	824
ces	run_16.sample_BR60	LOW	4386
ces	run_16.sample_BR63	HIGH	143
ces	run_16.sample_BR63	MODERATE	2998
ces	run_16.sample_BR63	MODIFIER	844
ces	run_16.sample_BR63	LOW	4433
ces	run_16.sample_BR64	HIGH	137
ces	run_16.sample_BR64	MODERATE	3047
ces	run_16.sample_BR64	MODIFIER	846
ces	run_16.sample_BR64	LOW	4415
ces	run_16.sample_BR69	HIGH	135
ces	run_16.sample_BR69	MODERATE	2985
ces	run_16.sample_BR69	MODIFIER	800
ces	run_16.sample_BR69	LOW	4412
ces	run_19.sample_2016CH00314BLD001A1	HIGH	135
ces	run_19.sample_2016CH00314BLD001A1	MODERATE	3039
ces	run_19.sample_2016CH00314BLD001A1	MODIFIER	873
ces	run_19.sample_2016CH00314BLD001A1	LOW	4423
ces	run_19.sample_2016CH00315BLD001A1	HIGH	122
ces	run_19.sample_2016CH00315BLD001A1	MODERATE	2924
ces	run_19.sample_2016CH00315BLD001A1	MODIFIER	873
ces	run_19.sample_2016CH00315BLD001A1	LOW	4226
ces	run_19.sample_2016CH00316BLD001A1	HIGH	122
ces	run_19.sample_2016CH00316BLD001A1	MODERATE	2855
ces	run_19.sample_2016CH00316BLD001A1	MODIFIER	911
ces	run_19.sample_2016CH00316BLD001A1	LOW	4190
ces	run_19.sample_2016CH00317BLD001A1	HIGH	139
ces	run_19.sample_2016CH00317BLD001A1	MODERATE	3039
ces	run_19.sample_2016CH00317BLD001A1	MODIFIER	920
ces	run_19.sample_2016CH00317BLD001A1	LOW	4431
ces	run_19.sample_2016CH00318BLD001A1	HIGH	128
ces	run_19.sample_2016CH00318BLD001A1	MODERATE	3033
ces	run_19.sample_2016CH00318BLD001A1	MODIFIER	913
ces	run_19.sample_2016CH00318BLD001A1	LOW	4489
ces	run_19.sample_2016CH00319BLD001A1	HIGH	124
ces	run_19.sample_2016CH00319BLD001A1	MODERATE	3045
ces	run_19.sample_2016CH00319BLD001A1	MODIFIER	920
ces	run_19.sample_2016CH00319BLD001A1	LOW	4413
ces	run_19.sample_2016CH00320BLD001A1	HIGH	124
ces	run_19.sample_2016CH00320BLD001A1	MODERATE	3124
ces	run_19.sample_2016CH00320BLD001A1	MODIFIER	942
ces	run_19.sample_2016CH00320BLD001A1	LOW	4483
ces	run_19.sample_2016CH00321BLD001A1	HIGH	139
ces	run_19.sample_2016CH00321BLD001A1	MODERATE	3025
ces	run_19.sample_2016CH00321BLD001A1	MODIFIER	921
ces	run_19.sample_2016CH00321BLD001A1	LOW	4394
ces	run_19.sample_2016CH00322BLD001A1	HIGH	151
ces	run_19.sample_2016CH00322BLD001A1	MODERATE	3037
ces	run_19.sample_2016CH00322BLD001A1	MODIFIER	917
ces	run_19.sample_2016CH00322BLD001A1	LOW	4378
ces	run_19.sample_2016CH00334BLD001A1	HIGH	154
ces	run_19.sample_2016CH00334BLD001A1	MODERATE	3031
ces	run_19.sample_2016CH00334BLD001A1	MODIFIER	925
ces	run_19.sample_2016CH00334BLD001A1	LOW	4433
wes	run_2.sample_79	HIGH	639
wes	run_2.sample_79	MODERATE	11234
wes	run_2.sample_79	MODIFIER	13852
wes	run_2.sample_79	LOW	13780
wes	run_2.sample_80	HIGH	619
wes	run_2.sample_80	MODERATE	11166
wes	run_2.sample_80	MODIFIER	13933
wes	run_2.sample_80	LOW	13803
wes	run_20.sample_CH00289	HIGH	629
wes	run_20.sample_CH00289	MODERATE	11342
wes	run_20.sample_CH00289	MODIFIER	12876
wes	run_20.sample_CH00289	LOW	13072
wes	run_20.sample_CH00308	HIGH	633
wes	run_20.sample_CH00308	MODERATE	11382
wes	run_20.sample_CH00308	MODIFIER	12984
wes	run_20.sample_CH00308	LOW	12946
wes	run_20.sample_CH00309	HIGH	628
wes	run_20.sample_CH00309	MODERATE	11280
wes	run_20.sample_CH00309	MODIFIER	12849
wes	run_20.sample_CH00309	LOW	12944
wes	run_20.sample_CH00310	HIGH	627
wes	run_20.sample_CH00310	MODERATE	11433
wes	run_20.sample_CH00310	MODIFIER	12892
wes	run_20.sample_CH00310	LOW	13092
wes	run_20.sample_CH00311	HIGH	646
wes	run_20.sample_CH00311	MODERATE	11370
wes	run_20.sample_CH00311	MODIFIER	12697
wes	run_20.sample_CH00311	LOW	12860
wes	run_20.sample_CH00532	HIGH	660
wes	run_20.sample_CH00532	MODERATE	11249
wes	run_20.sample_CH00532	MODIFIER	12707
wes	run_20.sample_CH00532	LOW	12806
wes	run_20.sample_CH00533	HIGH	632
wes	run_20.sample_CH00533	MODERATE	11371
wes	run_20.sample_CH00533	MODIFIER	13188
wes	run_20.sample_CH00533	LOW	13095
wes	run_20.sample_CH00632	HIGH	676
wes	run_20.sample_CH00632	MODERATE	11535
wes	run_20.sample_CH00632	MODIFIER	12988
wes	run_20.sample_CH00632	LOW	12950
wes	run_21.sample_CH00290	HIGH	621
wes	run_21.sample_CH00290	MODERATE	11303
wes	run_21.sample_CH00290	MODIFIER	12712
wes	run_21.sample_CH00290	LOW	12937
wes	run_21.sample_CH00299	HIGH	632
wes	run_21.sample_CH00299	MODERATE	11291
wes	run_21.sample_CH00299	MODIFIER	12501
wes	run_21.sample_CH00299	LOW	12837
wes	run_21.sample_CH00300	HIGH	595
wes	run_21.sample_CH00300	MODERATE	10905
wes	run_21.sample_CH00300	MODIFIER	12067
wes	run_21.sample_CH00300	LOW	12502
wes	run_21.sample_CH00301	HIGH	615
wes	run_21.sample_CH00301	MODERATE	11272
wes	run_21.sample_CH00301	MODIFIER	12464
wes	run_21.sample_CH00301	LOW	12694
wes	run_21.sample_CH00302	HIGH	639
wes	run_21.sample_CH00302	MODERATE	11243
wes	run_21.sample_CH00302	MODIFIER	12514
wes	run_21.sample_CH00302	LOW	12621
wes	run_21.sample_CH00303	HIGH	602
wes	run_21.sample_CH00303	MODERATE	10945
wes	run_21.sample_CH00303	MODIFIER	12206
wes	run_21.sample_CH00303	LOW	12559
wes	run_21.sample_CH00304	HIGH	627
wes	run_21.sample_CH00304	MODERATE	11415
wes	run_21.sample_CH00304	MODIFIER	12670
wes	run_21.sample_CH00304	LOW	13262
wes	run_21.sample_CH00305	HIGH	579
wes	run_21.sample_CH00305	MODERATE	11175
wes	run_21.sample_CH00305	MODIFIER	12482
wes	run_21.sample_CH00305	LOW	12666
wes	run_21.sample_CH00306	HIGH	598
wes	run_21.sample_CH00306	MODERATE	11115
wes	run_21.sample_CH00306	MODIFIER	12470
wes	run_21.sample_CH00306	LOW	12660
wes	run_21.sample_CH00307	HIGH	665
wes	run_21.sample_CH00307	MODERATE	11302
wes	run_21.sample_CH00307	MODIFIER	12637
wes	run_21.sample_CH00307	LOW	12985
ces	run_22.sample_BR0451	HIGH	114
ces	run_22.sample_BR0451	MODERATE	2633
ces	run_22.sample_BR0451	MODIFIER	754
ces	run_22.sample_BR0451	LOW	3946
ces	run_22.sample_BR0722	HIGH	93
ces	run_22.sample_BR0722	MODERATE	2429
ces	run_22.sample_BR0722	MODIFIER	674
ces	run_22.sample_BR0722	LOW	3550
ces	run_22.sample_BR0733	HIGH	106
ces	run_22.sample_BR0733	MODERATE	2523
ces	run_22.sample_BR0733	MODIFIER	730
ces	run_22.sample_BR0733	LOW	3754
ces	run_22.sample_BR0744	HIGH	94
ces	run_22.sample_BR0744	MODERATE	2536
ces	run_22.sample_BR0744	MODIFIER	751
ces	run_22.sample_BR0744	LOW	3655
ces	run_22.sample_BR0755	HIGH	128
ces	run_22.sample_BR0755	MODERATE	2620
ces	run_22.sample_BR0755	MODIFIER	740
ces	run_22.sample_BR0755	LOW	3847
ces	run_22.sample_BR0766	HIGH	112
ces	run_22.sample_BR0766	MODERATE	2366
ces	run_22.sample_BR0766	MODIFIER	641
ces	run_22.sample_BR0766	LOW	3568
ces	run_22.sample_BR0797	HIGH	102
ces	run_22.sample_BR0797	MODERATE	2501
ces	run_22.sample_BR0797	MODIFIER	720
ces	run_22.sample_BR0797	LOW	3584
ces	run_22.sample_BR0828	HIGH	110
ces	run_22.sample_BR0828	MODERATE	2410
ces	run_22.sample_BR0828	MODIFIER	703
ces	run_22.sample_BR0828	LOW	3573
ces	run_22.sample_BR0839	HIGH	109
ces	run_22.sample_BR0839	MODERATE	2512
ces	run_22.sample_BR0839	MODIFIER	728
ces	run_22.sample_BR0839	LOW	3744
ces	run_24.sample_15913291	HIGH	116
ces	run_24.sample_15913291	MODERATE	2599
ces	run_24.sample_15913291	MODIFIER	774
ces	run_24.sample_15913291	LOW	3775
wes	run_3.sample_116	HIGH	614
wes	run_3.sample_116	MODERATE	11122
wes	run_3.sample_116	MODIFIER	12510
wes	run_3.sample_116	LOW	12679
wes	run_3.sample_153	HIGH	623
wes	run_3.sample_153	MODERATE	11553
wes	run_3.sample_153	MODIFIER	12804
wes	run_3.sample_153	LOW	12830
wes	run_3.sample_163	HIGH	633
wes	run_3.sample_163	MODERATE	11241
wes	run_3.sample_163	MODIFIER	12895
wes	run_3.sample_163	LOW	13152
wes	run_3.sample_164	HIGH	658
wes	run_3.sample_164	MODERATE	11480
wes	run_3.sample_164	MODIFIER	12995
wes	run_3.sample_164	LOW	13206
wes	run_3.sample_165	HIGH	645
wes	run_3.sample_165	MODERATE	11200
wes	run_3.sample_165	MODIFIER	12730
wes	run_3.sample_165	LOW	13027
wes	run_3.sample_166	HIGH	621
wes	run_3.sample_166	MODERATE	11221
wes	run_3.sample_166	MODIFIER	13096
wes	run_3.sample_166	LOW	12971
wes	run_3.sample_167	HIGH	638
wes	run_3.sample_167	MODERATE	11445
wes	run_3.sample_167	MODIFIER	12816
wes	run_3.sample_167	LOW	12773
wes	run_3.sample_168	HIGH	630
wes	run_3.sample_168	MODERATE	11200
wes	run_3.sample_168	MODIFIER	12785
wes	run_3.sample_168	LOW	12655
wes	run_3.sample_93	HIGH	620
wes	run_3.sample_93	MODERATE	10951
wes	run_3.sample_93	MODIFIER	12413
wes	run_3.sample_93	LOW	12840
wes	run_3.sample_94	HIGH	611
wes	run_3.sample_94	MODERATE	11068
wes	run_3.sample_94	MODIFIER	12591
wes	run_3.sample_94	LOW	12656
wes	run_4.sample_113	HIGH	595
wes	run_4.sample_113	MODERATE	11140
wes	run_4.sample_113	MODIFIER	12335
wes	run_4.sample_113	LOW	12666
wes	run_4.sample_114	HIGH	617
wes	run_4.sample_114	MODERATE	11062
wes	run_4.sample_114	MODIFIER	12204
wes	run_4.sample_114	LOW	12668
wes	run_4.sample_117	HIGH	585
wes	run_4.sample_117	MODERATE	10756
wes	run_4.sample_117	MODIFIER	12097
wes	run_4.sample_117	LOW	12300
wes	run_4.sample_158	HIGH	575
wes	run_4.sample_158	MODERATE	10649
wes	run_4.sample_158	MODIFIER	11598
wes	run_4.sample_158	LOW	12171
wes	run_4.sample_169	HIGH	564
wes	run_4.sample_169	MODERATE	10752
wes	run_4.sample_169	MODIFIER	11766
wes	run_4.sample_169	LOW	12245
wes	run_4.sample_170	HIGH	525
wes	run_4.sample_170	MODERATE	10543
wes	run_4.sample_170	MODIFIER	11464
wes	run_4.sample_170	LOW	11975
wes	run_4.sample_185	HIGH	568
wes	run_4.sample_185	MODERATE	10565
wes	run_4.sample_185	MODIFIER	11206
wes	run_4.sample_185	LOW	12013
wes	run_4.sample_197	HIGH	584
wes	run_4.sample_197	MODERATE	11049
wes	run_4.sample_197	MODIFIER	12301
wes	run_4.sample_197	LOW	12483
wes	run_4.sample_198	HIGH	614
wes	run_4.sample_198	MODERATE	10939
wes	run_4.sample_198	MODIFIER	12298
wes	run_4.sample_198	LOW	12444
wes	run_4.sample_199	HIGH	540
wes	run_4.sample_199	MODERATE	10621
wes	run_4.sample_199	MODIFIER	11770
wes	run_4.sample_199	LOW	12046
wes	run_5.sample_120	HIGH	652
wes	run_5.sample_120	MODERATE	11242
wes	run_5.sample_120	MODIFIER	13925
wes	run_5.sample_120	LOW	13762
wes	run_5.sample_121	HIGH	597
wes	run_5.sample_121	MODERATE	10868
wes	run_5.sample_121	MODIFIER	13622
wes	run_5.sample_121	LOW	13545
wes	run_5.sample_122	HIGH	654
wes	run_5.sample_122	MODERATE	11432
wes	run_5.sample_122	MODIFIER	14000
wes	run_5.sample_122	LOW	14023
wes	run_5.sample_226	HIGH	644
wes	run_5.sample_226	MODERATE	11267
wes	run_5.sample_226	MODIFIER	13732
wes	run_5.sample_226	LOW	13705
wes	run_5.sample_232	HIGH	637
wes	run_5.sample_232	MODERATE	11017
wes	run_5.sample_232	MODIFIER	13661
wes	run_5.sample_232	LOW	13679
wes	run_5.sample_411	HIGH	610
wes	run_5.sample_411	MODERATE	10692
wes	run_5.sample_411	MODIFIER	13462
wes	run_5.sample_411	LOW	13334
wes	run_6.sample_233	HIGH	652
wes	run_6.sample_233	MODERATE	11063
wes	run_6.sample_233	MODIFIER	13752
wes	run_6.sample_233	LOW	13588
wes	run_6.sample_256	HIGH	606
wes	run_6.sample_256	MODERATE	11043
wes	run_6.sample_256	MODIFIER	13620
wes	run_6.sample_256	LOW	13643
wes	run_6.sample_257	HIGH	630
wes	run_6.sample_257	MODERATE	11073
wes	run_6.sample_257	MODIFIER	13596
wes	run_6.sample_257	LOW	13639
wes	run_6.sample_258	HIGH	636
wes	run_6.sample_258	MODERATE	11175
wes	run_6.sample_258	MODIFIER	13731
wes	run_6.sample_258	LOW	13682
wes	run_6.sample_259	HIGH	612
wes	run_6.sample_259	MODERATE	10976
wes	run_6.sample_259	MODIFIER	13592
wes	run_6.sample_259	LOW	13577
wes	run_6.sample_260	HIGH	640
wes	run_6.sample_260	MODERATE	11162
wes	run_6.sample_260	MODIFIER	13736
wes	run_6.sample_260	LOW	13619
wes	run_6.sample_261	HIGH	617
wes	run_6.sample_261	MODERATE	11120
wes	run_6.sample_261	MODIFIER	13659
wes	run_6.sample_261	LOW	13626
wes	run_6.sample_265	HIGH	652
wes	run_6.sample_265	MODERATE	10929
wes	run_6.sample_265	MODIFIER	13550
wes	run_6.sample_265	LOW	13751
wes	run_6.sample_266	HIGH	625
wes	run_6.sample_266	MODERATE	10935
wes	run_6.sample_266	MODIFIER	13451
wes	run_6.sample_266	LOW	13415
wes	run_6.sample_267	HIGH	617
wes	run_6.sample_267	MODERATE	10984
wes	run_6.sample_267	MODIFIER	13629
wes	run_6.sample_267	LOW	13394
wes	run_6.sample_279	HIGH	628
wes	run_6.sample_279	MODERATE	10906
wes	run_6.sample_279	MODIFIER	13734
wes	run_6.sample_279	LOW	13528
wes	run_6.sample_302	HIGH	613
wes	run_6.sample_302	MODERATE	11081
wes	run_6.sample_302	MODIFIER	13569
wes	run_6.sample_302	LOW	13596
wes	run_6.sample_377	HIGH	651
wes	run_6.sample_377	MODERATE	11319
wes	run_6.sample_377	MODIFIER	13584
wes	run_6.sample_377	LOW	13599
wes	run_6.sample_378	HIGH	622
wes	run_6.sample_378	MODERATE	10931
wes	run_6.sample_378	MODIFIER	13381
wes	run_6.sample_378	LOW	13363
wes	run_6.sample_379	HIGH	598
wes	run_6.sample_379	MODERATE	11047
wes	run_6.sample_379	MODIFIER	13650
wes	run_6.sample_379	LOW	13479
wes	run_6.sample_398	HIGH	628
wes	run_6.sample_398	MODERATE	10971
wes	run_6.sample_398	MODIFIER	13684
wes	run_6.sample_398	LOW	13567
wes	run_7.sample_119	HIGH	618
wes	run_7.sample_119	MODERATE	10951
wes	run_7.sample_119	MODIFIER	13615
wes	run_7.sample_119	LOW	13472
wes	run_7.sample_126	HIGH	612
wes	run_7.sample_126	MODERATE	10811
wes	run_7.sample_126	MODIFIER	13391
wes	run_7.sample_126	LOW	13411
wes	run_7.sample_127	HIGH	623
wes	run_7.sample_127	MODERATE	10931
wes	run_7.sample_127	MODIFIER	13477
wes	run_7.sample_127	LOW	13605
wes	run_7.sample_128	HIGH	596
wes	run_7.sample_128	MODERATE	10810
wes	run_7.sample_128	MODIFIER	13252
wes	run_7.sample_128	LOW	13373
wes	run_7.sample_133	HIGH	619
wes	run_7.sample_133	MODERATE	10819
wes	run_7.sample_133	MODIFIER	13208
wes	run_7.sample_133	LOW	13399
wes	run_7.sample_134	HIGH	624
wes	run_7.sample_134	MODERATE	10872
wes	run_7.sample_134	MODIFIER	13618
wes	run_7.sample_134	LOW	13523
wes	run_7.sample_135	HIGH	592
wes	run_7.sample_135	MODERATE	10795
wes	run_7.sample_135	MODIFIER	13213
wes	run_7.sample_135	LOW	13395
wes	run_7.sample_172	HIGH	634
wes	run_7.sample_172	MODERATE	10887
wes	run_7.sample_172	MODIFIER	13310
wes	run_7.sample_172	LOW	13376
wes	run_7.sample_176	HIGH	624
wes	run_7.sample_176	MODERATE	10942
wes	run_7.sample_176	MODIFIER	13409
wes	run_7.sample_176	LOW	13284
wes	run_7.sample_190	HIGH	603
wes	run_7.sample_190	MODERATE	11090
wes	run_7.sample_190	MODIFIER	13807
wes	run_7.sample_190	LOW	13690
wes	run_7.sample_191	HIGH	619
wes	run_7.sample_191	MODERATE	11017
wes	run_7.sample_191	MODIFIER	13599
wes	run_7.sample_191	LOW	13567
wes	run_7.sample_192	HIGH	609
wes	run_7.sample_192	MODERATE	11063
wes	run_7.sample_192	MODIFIER	13653
wes	run_7.sample_192	LOW	13473
wes	run_7.sample_303	HIGH	606
wes	run_7.sample_303	MODERATE	10880
wes	run_7.sample_303	MODIFIER	13239
wes	run_7.sample_303	LOW	13417
wes	run_7.sample_318	HIGH	612
wes	run_7.sample_318	MODERATE	11030
wes	run_7.sample_318	MODIFIER	13537
wes	run_7.sample_318	LOW	13647
wes	run_7.sample_345	HIGH	635
wes	run_7.sample_345	MODERATE	10989
wes	run_7.sample_345	MODIFIER	13628
wes	run_7.sample_345	LOW	13449
wes	run_7.sample_443	HIGH	669
wes	run_7.sample_443	MODERATE	10983
wes	run_7.sample_443	MODIFIER	13598
wes	run_7.sample_443	LOW	13438
wes	run_8.sample_013	HIGH	633
wes	run_8.sample_013	MODERATE	11274
wes	run_8.sample_013	MODIFIER	12746
wes	run_8.sample_013	LOW	12876
wes	run_8.sample_014	HIGH	627
wes	run_8.sample_014	MODERATE	11208
wes	run_8.sample_014	MODIFIER	12579
wes	run_8.sample_014	LOW	12765
wes	run_8.sample_144	HIGH	607
wes	run_8.sample_144	MODERATE	11291
wes	run_8.sample_144	MODIFIER	12807
wes	run_8.sample_144	LOW	13045
wes	run_8.sample_149	HIGH	594
wes	run_8.sample_149	MODERATE	11169
wes	run_8.sample_149	MODIFIER	12708
wes	run_8.sample_149	LOW	12801
wes	run_8.sample_156	HIGH	644
wes	run_8.sample_156	MODERATE	11261
wes	run_8.sample_156	MODIFIER	12581
wes	run_8.sample_156	LOW	12870
wes	run_8.sample_171	HIGH	585
wes	run_8.sample_171	MODERATE	10723
wes	run_8.sample_171	MODIFIER	11619
wes	run_8.sample_171	LOW	12358
wes	run_8.sample_193	HIGH	574
wes	run_8.sample_193	MODERATE	11225
wes	run_8.sample_193	MODIFIER	12022
wes	run_8.sample_193	LOW	12885
wes	run_8.sample_194	HIGH	563
wes	run_8.sample_194	MODERATE	10931
wes	run_8.sample_194	MODIFIER	12105
wes	run_8.sample_194	LOW	12647
wes	run_8.sample_195	HIGH	565
wes	run_8.sample_195	MODERATE	10816
wes	run_8.sample_195	MODIFIER	12035
wes	run_8.sample_195	LOW	12461
wes	run_8.sample_196	HIGH	552
wes	run_8.sample_196	MODERATE	10963
wes	run_8.sample_196	MODIFIER	11863
wes	run_8.sample_196	LOW	12656
wes	run_8.sample_215	HIGH	584
wes	run_8.sample_215	MODERATE	11009
wes	run_8.sample_215	MODIFIER	12246
wes	run_8.sample_215	LOW	12534
wes	run_8.sample_224	HIGH	618
wes	run_8.sample_224	MODERATE	10811
wes	run_8.sample_224	MODIFIER	12229
wes	run_8.sample_224	LOW	12400
wes	run_8.sample_268	HIGH	598
wes	run_8.sample_268	MODERATE	10994
wes	run_8.sample_268	MODIFIER	12055
wes	run_8.sample_268	LOW	12500
wes	run_8.sample_269	HIGH	612
wes	run_8.sample_269	MODERATE	11039
wes	run_8.sample_269	MODIFIER	12561
wes	run_8.sample_269	LOW	12765
wes	run_8.sample_270	HIGH	576
wes	run_8.sample_270	MODERATE	10895
wes	run_8.sample_270	MODIFIER	12647
wes	run_8.sample_270	LOW	12633
wes	run_8.sample_293	HIGH	604
wes	run_8.sample_293	MODERATE	11184
wes	run_8.sample_293	MODIFIER	12362
wes	run_8.sample_293	LOW	12709
wes	run_8.sample_392	HIGH	594
wes	run_8.sample_392	MODERATE	10793
wes	run_8.sample_392	MODIFIER	12244
wes	run_8.sample_392	LOW	12358
wes	run_8.sample_399	HIGH	599
wes	run_8.sample_399	MODERATE	11266
wes	run_8.sample_399	MODIFIER	12537
wes	run_8.sample_399	LOW	12848
wes	run_8.sample_400	HIGH	610
wes	run_8.sample_400	MODERATE	11234
wes	run_8.sample_400	MODIFIER	12594
wes	run_8.sample_400	LOW	12669
wes	run_8.sample_406	HIGH	597
wes	run_8.sample_406	MODERATE	11025
wes	run_8.sample_406	MODIFIER	11766
wes	run_8.sample_406	LOW	12339
wes	run_8.sample_407	HIGH	582
wes	run_8.sample_407	MODERATE	10894
wes	run_8.sample_407	MODIFIER	11735
wes	run_8.sample_407	LOW	12465
wes	run_8.sample_408	HIGH	605
wes	run_8.sample_408	MODERATE	10975
wes	run_8.sample_408	MODIFIER	12195
wes	run_8.sample_408	LOW	12665
wes	run_8.sample_409	HIGH	618
wes	run_8.sample_409	MODERATE	11278
wes	run_8.sample_409	MODIFIER	12544
wes	run_8.sample_409	LOW	12766
wes	run_8.sample_410	HIGH	595
wes	run_8.sample_410	MODERATE	11083
wes	run_8.sample_410	MODIFIER	12549
wes	run_8.sample_410	LOW	12869
wes	run_8.sample_414	HIGH	528
wes	run_8.sample_414	MODERATE	10734
wes	run_8.sample_414	MODIFIER	12099
wes	run_8.sample_414	LOW	12550
wes	run_8.sample_415	HIGH	590
wes	run_8.sample_415	MODERATE	10811
wes	run_8.sample_415	MODIFIER	11933
wes	run_8.sample_415	LOW	12226
wes	run_8.sample_422	HIGH	586
wes	run_8.sample_422	MODERATE	10792
wes	run_8.sample_422	MODIFIER	11439
wes	run_8.sample_422	LOW	12337
wes	run_8.sample_424	HIGH	601
wes	run_8.sample_424	MODERATE	11295
wes	run_8.sample_424	MODIFIER	12233
wes	run_8.sample_424	LOW	13083
wes	run_8.sample_425	HIGH	600
wes	run_8.sample_425	MODERATE	10895
wes	run_8.sample_425	MODIFIER	12056
wes	run_8.sample_425	LOW	12585
wes	run_8.sample_426	HIGH	563
wes	run_8.sample_426	MODERATE	11092
wes	run_8.sample_426	MODIFIER	12095
wes	run_8.sample_426	LOW	12791
wes	run_8.sample_427	HIGH	588
wes	run_8.sample_427	MODERATE	10799
wes	run_8.sample_427	MODIFIER	12212
wes	run_8.sample_427	LOW	12539
wes	run_8.sample_432	HIGH	579
wes	run_8.sample_432	MODERATE	11232
wes	run_8.sample_432	MODIFIER	12416
wes	run_8.sample_432	LOW	12891
wes	run_8.sample_433	HIGH	584
wes	run_8.sample_433	MODERATE	11046
wes	run_8.sample_433	MODIFIER	12073
wes	run_8.sample_433	LOW	12547
wes	run_8.sample_434	HIGH	609
wes	run_8.sample_434	MODERATE	11368
wes	run_8.sample_434	MODIFIER	12700
wes	run_8.sample_434	LOW	12953
wes	run_8.sample_440	HIGH	580
wes	run_8.sample_440	MODERATE	11165
wes	run_8.sample_440	MODIFIER	12426
wes	run_8.sample_440	LOW	12744
wes	run_8.sample_458	HIGH	597
wes	run_8.sample_458	MODERATE	11299
wes	run_8.sample_458	MODIFIER	12637
wes	run_8.sample_458	LOW	12868
wes	run_8.sample_460	HIGH	629
wes	run_8.sample_460	MODERATE	11133
wes	run_8.sample_460	MODIFIER	12485
wes	run_8.sample_460	LOW	12793
wes	run_8.sample_461	HIGH	605
wes	run_8.sample_461	MODERATE	11158
wes	run_8.sample_461	MODIFIER	12397
wes	run_8.sample_461	LOW	12651
wes	run_8.sample_462	HIGH	595
wes	run_8.sample_462	MODERATE	10914
wes	run_8.sample_462	MODIFIER	12116
wes	run_8.sample_462	LOW	12601
wes	run_8.sample_474	HIGH	621
wes	run_8.sample_474	MODERATE	11190
wes	run_8.sample_474	MODIFIER	12279
wes	run_8.sample_474	LOW	12894
wes	run_8.sample_504	HIGH	587
wes	run_8.sample_504	MODERATE	11121
wes	run_8.sample_504	MODIFIER	12539
wes	run_8.sample_504	LOW	12802
wes	run_8.sample_510	HIGH	579
wes	run_8.sample_510	MODERATE	11100
wes	run_8.sample_510	MODIFIER	12332
wes	run_8.sample_510	LOW	12637
wes	run_8.sample_511	HIGH	587
wes	run_8.sample_511	MODERATE	11016
wes	run_8.sample_511	MODIFIER	12396
wes	run_8.sample_511	LOW	12724
wes	run_8.sample_520	HIGH	598
wes	run_8.sample_520	MODERATE	10906
wes	run_8.sample_520	MODIFIER	12302
wes	run_8.sample_520	LOW	12442
wes	run_8.sample_529	HIGH	587
wes	run_8.sample_529	MODERATE	10893
wes	run_8.sample_529	MODIFIER	12250
wes	run_8.sample_529	LOW	12390
wes	run_8.sample_548	HIGH	583
wes	run_8.sample_548	MODERATE	10989
wes	run_8.sample_548	MODIFIER	12327
wes	run_8.sample_548	LOW	12608
wes	run_9.sample_S01	HIGH	566
wes	run_9.sample_S01	MODERATE	10902
wes	run_9.sample_S01	MODIFIER	11971
wes	run_9.sample_S01	LOW	12524
wes	run_9.sample_S02	HIGH	582
wes	run_9.sample_S02	MODERATE	10953
wes	run_9.sample_S02	MODIFIER	12111
wes	run_9.sample_S02	LOW	12539
wes	run_9.sample_S03	HIGH	572
wes	run_9.sample_S03	MODERATE	11006
wes	run_9.sample_S03	MODIFIER	12158
wes	run_9.sample_S03	LOW	12466
wes	run_9.sample_S04	HIGH	583
wes	run_9.sample_S04	MODERATE	11033
wes	run_9.sample_S04	MODIFIER	12139
wes	run_9.sample_S04	LOW	12454
wes	run_9.sample_S05	HIGH	602
wes	run_9.sample_S05	MODERATE	10953
wes	run_9.sample_S05	MODIFIER	12213
wes	run_9.sample_S05	LOW	12432
wes	run_9.sample_S06	HIGH	551
wes	run_9.sample_S06	MODERATE	10749
wes	run_9.sample_S06	MODIFIER	11973
wes	run_9.sample_S06	LOW	12357
wes	run_9.sample_S07	HIGH	604
wes	run_9.sample_S07	MODERATE	11081
wes	run_9.sample_S07	MODIFIER	12395
wes	run_9.sample_S07	LOW	12653
wes	run_9.sample_S08	HIGH	584
wes	run_9.sample_S08	MODERATE	10838
wes	run_9.sample_S08	MODIFIER	11966
wes	run_9.sample_S08	LOW	12528
wes	run_9.sample_S09	HIGH	567
wes	run_9.sample_S09	MODERATE	10583
wes	run_9.sample_S09	MODIFIER	11388
wes	run_9.sample_S09	LOW	12056
wes	run_9.sample_S10	HIGH	566
wes	run_9.sample_S10	MODERATE	10975
wes	run_9.sample_S10	MODIFIER	12281
wes	run_9.sample_S10	LOW	12533
wes	run_9.sample_S11	HIGH	608
wes	run_9.sample_S11	MODERATE	11169
wes	run_9.sample_S11	MODIFIER	12173
wes	run_9.sample_S11	LOW	12726
wes	run_9.sample_S12	HIGH	580
wes	run_9.sample_S12	MODERATE	11076
wes	run_9.sample_S12	MODIFIER	12131
wes	run_9.sample_S12	LOW	12546
ces	run_CE.sample_RB46	HIGH	140
ces	run_CE.sample_RB46	MODERATE	3033
ces	run_CE.sample_RB46	MODIFIER	957
ces	run_CE.sample_RB46	LOW	4315
ces	run_CE.sample_RB62	HIGH	142
ces	run_CE.sample_RB62	MODERATE	3094
ces	run_CE.sample_RB62	MODIFIER	928
ces	run_CE.sample_RB62	LOW	4361
ces	run_CE.sample_RB66	HIGH	148
ces	run_CE.sample_RB66	MODERATE	3070
ces	run_CE.sample_RB66	MODIFIER	918
ces	run_CE.sample_RB66	LOW	4408
wes	runs_1-2.sample_62	HIGH	693
wes	runs_1-2.sample_62	MODERATE	11413
wes	runs_1-2.sample_62	MODIFIER	13005
wes	runs_1-2.sample_62	LOW	13040
wes	runs_1-2.sample_68	HIGH	691
wes	runs_1-2.sample_68	MODERATE	11471
wes	runs_1-2.sample_68	MODIFIER	13173
wes	runs_1-2.sample_68	LOW	13043
wes	runs_2-3-4.sample_83	HIGH	715
wes	runs_2-3-4.sample_83	MODERATE	11555
wes	runs_2-3-4.sample_83	MODIFIER	13321
wes	runs_2-3-4.sample_83	LOW	13112
wes	runs_2-3-4.sample_95	HIGH	685
wes	runs_2-3-4.sample_95	MODERATE	11479
wes	runs_2-3-4.sample_95	MODIFIER	13186
wes	runs_2-3-4.sample_95	LOW	13065
wes	wes_27.sample_26	HIGH	642
wes	wes_27.sample_26	MODERATE	11210
wes	wes_27.sample_26	MODIFIER	12629
wes	wes_27.sample_26	LOW	13078
wes	wes_27.sample_28	HIGH	617
wes	wes_27.sample_28	MODERATE	11066
wes	wes_27.sample_28	MODIFIER	12395
wes	wes_27.sample_28	LOW	12891
wes	wes_27.sample_36	HIGH	663
wes	wes_27.sample_36	MODERATE	11211
wes	wes_27.sample_36	MODIFIER	12565
wes	wes_27.sample_36	LOW	12861
wes	wes_27.sample_37	HIGH	644
wes	wes_27.sample_37	MODERATE	11229
wes	wes_27.sample_37	MODIFIER	12740
wes	wes_27.sample_37	LOW	12933
wes	wes_27.sample_38	HIGH	655
wes	wes_27.sample_38	MODERATE	11379
wes	wes_27.sample_38	MODIFIER	12796
wes	wes_27.sample_38	LOW	12936
wes	wes_27.sample_39	HIGH	628
wes	wes_27.sample_39	MODERATE	11399
wes	wes_27.sample_39	MODIFIER	12912
wes	wes_27.sample_39	LOW	13067
wes	wes_27.sample_40	HIGH	657
wes	wes_27.sample_40	MODERATE	11515
wes	wes_27.sample_40	MODIFIER	12877
wes	wes_27.sample_40	LOW	13132
wes	wes_27.sample_41	HIGH	585
wes	wes_27.sample_41	MODERATE	10706
wes	wes_27.sample_41	MODIFIER	11992
wes	wes_27.sample_41	LOW	12338
wes	wes_27.sample_42	HIGH	585
wes	wes_27.sample_42	MODERATE	10759
wes	wes_27.sample_42	MODIFIER	11984
wes	wes_27.sample_42	LOW	12470
wes	wes_27.sample_43	HIGH	600
wes	wes_27.sample_43	MODERATE	10875
wes	wes_27.sample_43	MODIFIER	12152
wes	wes_27.sample_43	LOW	12391
wes	wes_27.sample_44	HIGH	581
wes	wes_27.sample_44	MODERATE	10704
wes	wes_27.sample_44	MODIFIER	11974
wes	wes_27.sample_44	LOW	12238
wes	wes_27.sample_CH00312	HIGH	609
wes	wes_27.sample_CH00312	MODERATE	11178
wes	wes_27.sample_CH00312	MODIFIER	12562
wes	wes_27.sample_CH00312	LOW	12835
wes	wes_27.sample_CH00313	HIGH	629
wes	wes_27.sample_CH00313	MODERATE	11317
wes	wes_27.sample_CH00313	MODIFIER	12381
wes	wes_27.sample_CH00313	LOW	12924
wes	wes_27.sample_CH0661	HIGH	543
wes	wes_27.sample_CH0661	MODERATE	10178
wes	wes_27.sample_CH0661	MODIFIER	11030
wes	wes_27.sample_CH0661	LOW	11596
wes	wes_27.sample_CH0662	HIGH	536
wes	wes_27.sample_CH0662	MODERATE	9768
wes	wes_27.sample_CH0662	MODIFIER	10358
wes	wes_27.sample_CH0662	LOW	11106
wes	wes_27.sample_CH0663	HIGH	563
wes	wes_27.sample_CH0663	MODERATE	10108
wes	wes_27.sample_CH0663	MODIFIER	10988
wes	wes_27.sample_CH0663	LOW	11544
wes	wes_27.sample_CH0664	HIGH	529
wes	wes_27.sample_CH0664	MODERATE	10097
wes	wes_27.sample_CH0664	MODIFIER	10927
wes	wes_27.sample_CH0664	LOW	11447
wes	wes_27.sample_CH0665	HIGH	557
wes	wes_27.sample_CH0665	MODERATE	10617
wes	wes_27.sample_CH0665	MODIFIER	11755
wes	wes_27.sample_CH0665	LOW	12108
wes	wes_27.sample_CH0666	HIGH	528
wes	wes_27.sample_CH0666	MODERATE	10138
wes	wes_27.sample_CH0666	MODIFIER	11041
wes	wes_27.sample_CH0666	LOW	11691
wes	wes_29.sample_A12	HIGH	681
wes	wes_29.sample_A12	MODERATE	11236
wes	wes_29.sample_A12	MODIFIER	9948
wes	wes_29.sample_A12	LOW	12689
wes	wes_29.sample_A13	HIGH	660
wes	wes_29.sample_A13	MODERATE	11086
wes	wes_29.sample_A13	MODIFIER	10148
wes	wes_29.sample_A13	LOW	12731
wes	wes_29.sample_A14	HIGH	598
wes	wes_29.sample_A14	MODERATE	11236
wes	wes_29.sample_A14	MODIFIER	10181
wes	wes_29.sample_A14	LOW	12713
wes	wes_29.sample_A2	HIGH	1503
wes	wes_29.sample_A2	MODERATE	8358
wes	wes_29.sample_A2	MODIFIER	6305
wes	wes_29.sample_A2	LOW	8319
wes	wes_29.sample_A4	HIGH	666
wes	wes_29.sample_A4	MODERATE	11484
wes	wes_29.sample_A4	MODIFIER	10007
wes	wes_29.sample_A4	LOW	12952
wes	wes_29.sample_A5	HIGH	663
wes	wes_29.sample_A5	MODERATE	11103
wes	wes_29.sample_A5	MODIFIER	9894
wes	wes_29.sample_A5	LOW	12618
wes	wes_29.sample_A6	HIGH	748
wes	wes_29.sample_A6	MODERATE	11124
wes	wes_29.sample_A6	MODIFIER	10029
wes	wes_29.sample_A6	LOW	12558
wes	wes_29.sample_A7	HIGH	619
wes	wes_29.sample_A7	MODERATE	11263
wes	wes_29.sample_A7	MODIFIER	10321
wes	wes_29.sample_A7	LOW	12993
wes	wes_29.sample_CH00827	HIGH	633
wes	wes_29.sample_CH00827	MODERATE	11399
wes	wes_29.sample_CH00827	MODIFIER	12857
wes	wes_29.sample_CH00827	LOW	13037
wes	wes_29.sample_CH00828	HIGH	587
wes	wes_29.sample_CH00828	MODERATE	11401
wes	wes_29.sample_CH00828	MODIFIER	12847
wes	wes_29.sample_CH00828	LOW	13007
wes	wes_29.sample_CH00829	HIGH	616
wes	wes_29.sample_CH00829	MODERATE	11104
wes	wes_29.sample_CH00829	MODIFIER	12679
wes	wes_29.sample_CH00829	LOW	12875
wes	wes_29.sample_CH00833	HIGH	603
wes	wes_29.sample_CH00833	MODERATE	11155
wes	wes_29.sample_CH00833	MODIFIER	12661
wes	wes_29.sample_CH00833	LOW	12680
wes	wes_29.sample_CH00835	HIGH	630
wes	wes_29.sample_CH00835	MODERATE	11108
wes	wes_29.sample_CH00835	MODIFIER	12681
wes	wes_29.sample_CH00835	LOW	12815
wes	wes_29.sample_CH00836	HIGH	627
wes	wes_29.sample_CH00836	MODERATE	11245
wes	wes_29.sample_CH00836	MODIFIER	12642
wes	wes_29.sample_CH00836	LOW	12914
wes	wes_29.sample_CH00839	HIGH	658
wes	wes_29.sample_CH00839	MODERATE	11440
wes	wes_29.sample_CH00839	MODIFIER	12712
wes	wes_29.sample_CH00839	LOW	13044
wes	wes_29.sample_CH00840	HIGH	602
wes	wes_29.sample_CH00840	MODERATE	10999
wes	wes_29.sample_CH00840	MODIFIER	12242
wes	wes_29.sample_CH00840	LOW	12599
wes	wes_31.sample_CH00447	HIGH	581
wes	wes_31.sample_CH00447	MODERATE	11021
wes	wes_31.sample_CH00447	MODIFIER	12083
wes	wes_31.sample_CH00447	LOW	12527
wes	wes_31.sample_CH00449	HIGH	610
wes	wes_31.sample_CH00449	MODERATE	11109
wes	wes_31.sample_CH00449	MODIFIER	12332
wes	wes_31.sample_CH00449	LOW	12602
wes	wes_31.sample_CH00490	HIGH	629
wes	wes_31.sample_CH00490	MODERATE	11066
wes	wes_31.sample_CH00490	MODIFIER	12126
wes	wes_31.sample_CH00490	LOW	12656
wes	wes_31.sample_CH00505	HIGH	618
wes	wes_31.sample_CH00505	MODERATE	11011
wes	wes_31.sample_CH00505	MODIFIER	12453
wes	wes_31.sample_CH00505	LOW	12730
wes	wes_31.sample_CH00825	HIGH	598
wes	wes_31.sample_CH00825	MODERATE	11068
wes	wes_31.sample_CH00825	MODIFIER	12362
wes	wes_31.sample_CH00825	LOW	12756
wes	wes_31.sample_CH00826	HIGH	602
wes	wes_31.sample_CH00826	MODERATE	11016
wes	wes_31.sample_CH00826	MODIFIER	12354
wes	wes_31.sample_CH00826	LOW	12619
wes	wes_31.sample_CH00830	HIGH	629
wes	wes_31.sample_CH00830	MODERATE	11040
wes	wes_31.sample_CH00830	MODIFIER	12264
wes	wes_31.sample_CH00830	LOW	12504
wes	wes_31.sample_CH00831	HIGH	623
wes	wes_31.sample_CH00831	MODERATE	11093
wes	wes_31.sample_CH00831	MODIFIER	12201
wes	wes_31.sample_CH00831	LOW	12739
wes	wes_31.sample_CH00832	HIGH	603
wes	wes_31.sample_CH00832	MODERATE	11139
wes	wes_31.sample_CH00832	MODIFIER	12300
wes	wes_31.sample_CH00832	LOW	12571
wes	wes_31.sample_CH00834	HIGH	597
wes	wes_31.sample_CH00834	MODERATE	11097
wes	wes_31.sample_CH00834	MODIFIER	12525
wes	wes_31.sample_CH00834	LOW	12714
wes	wes_31.sample_CH00837	HIGH	635
wes	wes_31.sample_CH00837	MODERATE	11002
wes	wes_31.sample_CH00837	MODIFIER	12201
wes	wes_31.sample_CH00837	LOW	12531
wes	wes_31.sample_CH00838	HIGH	599
wes	wes_31.sample_CH00838	MODERATE	10974
wes	wes_31.sample_CH00838	MODIFIER	12064
wes	wes_31.sample_CH00838	LOW	12563
